ICI(北京)通讯技术有限公司,法定代表人：李众 注册资本：155万美元 成立时间：2005-11-30 ,邮箱：vicky.cui@alphalinkgc.com电话：010-85275777 更多号码 ,地址：北京市海淀区科学院南路2号C座12层S1209  ,科学研究和技术服务业,0
KBC科技(北京)有限公司,法定代表人：安西蒙 注册资本：140万元人民币 成立时间：2006-05-29 ,邮箱：yke@kbcat.com电话：13910229924 更多号码 ,地址：北京市东城区祈年大街18号院1号楼四层403号  ,科学研究和技术服务业,0
MINO轧制技术(北京)有限公司,法定代表人：乔治·科罗纳注册资本：20万欧元 成立时间：2005-11-02 ,邮箱：gaoyan_mino@126.com电话：010-64398295 更多号码 ,地址：北京市朝阳区望京北路9号1幢4层C412  ,科学研究和技术服务业,0
NEC飞鼎克信息技术服务(北京)有限公司,法定代表人：松仓博之注册资本：469.1万美元 成立时间：2005-03-16 ,邮箱：luhexin@nefits.com.cn电话：010-82319620 更多号码 ,地址：北京市朝阳区亮马桥东方东路19号外交办公大楼D02-0-0603A  ,科学研究和技术服务业,0
UMC(北京)技术发展有限公司,法定代表人：路芳 注册资本：15万美元 成立时间：2005-03-29 ,邮箱：anyanrul@163.com电话：010-88202817 ,地址：北京市海淀区田村路西口畅茜园圣华里4号楼3-9层丽时假日酒店3层3011号  ,科学研究和技术服务业,0
《中华建筑报》社,法定代表人：陈新 注册资本：100万人民币元 成立时间：1998-01-04 ,邮箱：15611274505@163.com电话：010-88118138 ,地址：北京市海淀区阜成路81号院2号楼  ,文化、体育和娱乐业,0
《中国国家地理》杂志社,法定代表人：李栓科 注册资本：30万元人民币 成立时间：1993-06-07 ,邮箱：office@cng.com.cn电话：010-64842072 更多号码 ,地址：北京市朝阳区大屯路甲11号1号楼1层  ,文化、体育和娱乐业,0
一鑫达(天津)科技股份有限公司,法定代表人：秦聪 注册资本：1600万元人民币 成立时间：2002-04-25 ,邮箱：tjyixinda@163.com电话：13832801619 更多号码 ,地址：天津滨海高新区华苑产业区梅苑路5号金座广场-3012  ,科学研究和技术服务业,0
万声信息产业有限公司,法定代表人：于江 注册资本：15000万元人民币 成立时间：2008-06-18 ,邮箱：sdcallcenter@sdcallcenter.com电话：0536-2995006 更多号码 ,地址：山东省潍坊高新区新城街道鲍庄社区健康东街9266号山东呼叫中心(潍坊)基地综合商务楼01第一层南区  ,信息传输、软件和信息技术服务业,0
万都(北京)汽车部件研究开发中心有限公司,法定代表人：卓一焕 注册资本：600万美元 成立时间：2003-06-19 ,邮箱：panpan.liu@halla.com电话：010-61023600 ,地址：北京市密云区经济开发区云西四路7号  ,科学研究和技术服务业,0
三信高科工程技术(北京)有限公司,法定代表人：朱效泉 注册资本：1000万元人民币 成立时间：2004-11-26 ,邮箱：945830323@qq.com电话：0101-57101452 更多号码 ,地址：北京市丰台区卢沟桥南里甲2号院3号楼三层3085室  ,科学研究和技术服务业,0
三合力通(北京)资讯有限公司,法定代表人：周柯 注册资本：100万元人民币 成立时间：2007-03-28 ,邮箱：1254404934@qq.com电话：17758888767 更多号码 ,地址：北京市昌平区城南街道介山社区居委会办公楼406室  ,信息传输、软件和信息技术服务业,0
三峡高科信息技术有限责任公司,法定代表人：王宏 注册资本：2000万元人民币 成立时间：2001-10-12 ,邮箱：tght@ctg.com.cn电话：010-57082137 ,地址：北京市海淀区玉渊潭南路1号  ,信息传输、软件和信息技术服务业,0
三明傲农生物科技有限公司,法定代表人：胡斯福 注册资本：2000万人民币元 成立时间：2013-02-27 ,邮箱：250332998@qq.com电话：0598-8863711 更多号码 ,地址：三明高新技术产业开发区金沙园  ,科学研究和技术服务业,0
三星数据系统(中国)有限公司,法定代表人：沈宪燮 注册资本：1280万美元 成立时间：1999-09-06 ,邮箱：xh03.piao@samsung.com电话：010-59249292 更多号码 ,地址：北京市朝阳区酒仙桥东路9号电子城A1楼3层  ,信息传输、软件和信息技术服务业,0
上海东欣软件工程有限公司,法定代表人：干晓旭 注册资本：600万元人民币 成立时间：2002-03-26 ,邮箱：dx@dxsc.cn电话：021-50351461 ,地址：中国(上海)自由贸易试验区郭守敬路498号14幢22301-847座  ,信息传输、软件和信息技术服务业,0
上海乾隆网络科技有限公司,法定代表人：杨庆寿 注册资本：1000万元人民币 成立时间：2007-02-08 ,邮箱：hr@qianlong.com.cn电话：021-58369258 更多号码 ,地址：中国(上海)自由贸易试验区浦东南路855号26楼D室  ,科学研究和技术服务业,0
上海交大慧谷通用技术有限公司,法定代表人：沈林 注册资本：1000万元人民币 成立时间：2002-11-26 ,邮箱：withub-info@withub.net.cn电话：021-51691155 ,地址：中国(上海)自由贸易试验区郭守敬路498号14幢22301-1108座  ,科学研究和技术服务业,0
上海企垠信息科技股份有限公司,法定代表人：刘康彬 注册资本：1050万元人民币 成立时间：2010-02-01 ,邮箱：kb.liu@7linc.com电话：021-50805815 ,地址：中国(上海)自由贸易试验区碧波路456号B407室  ,科学研究和技术服务业,0
上海华测品标检测技术有限公司,法定代表人：陈骞 注册资本：3086.8981万元人民币 成立时间：2009-07-15 ,邮箱：sunfenglan@cti-cert.com电话：021-31073300 更多号码 ,地址：中国(上海)自由贸易试验区新金桥路1996号1幢4楼  ,科学研究和技术服务业,0
上海华讯网络存储系统有限责任公司,法定代表人：杨勇 注册资本：3000万元人民币 成立时间：2002-12-12 ,邮箱：zhangmiaohan@eccom.com.cn电话：021-61372888 更多号码 ,地址：中国(上海)自由贸易试验区碧波路456号A101-6室  ,信息传输、软件和信息技术服务业,0
上海华钦信息科技股份有限公司,法定代表人：杨晓峰 注册资本：3387万元人民币 成立时间：2005-08-30 ,邮箱：jenson@clpsglobal.com电话：021-31268010 ,地址：中国(上海)自由贸易试验区张杨路828-838号26C01室  ,信息传输、软件和信息技术服务业,0
上海圣康达实业有限公司,法定代表人：魏莉 注册资本：3000万元人民币 成立时间：2012-04-11 ,邮箱：heqing@shengkangda.com电话：021-55573372 更多号码 ,地址：上海市虹口区邯郸路135号1幢202室  ,租赁和商务服务业,0
上海天擎信息技术有限公司,法定代表人：计建 注册资本：189.6112万元人民币 成立时间：2006-10-19 ,邮箱：zhangting@skytech.cn电话：021-52034827 更多号码 ,地址：上海市普陀区中江路879弄7号楼301室  ,-,0
上海天擎信息技术有限公司,法定代表人：李春欣 注册资本：50万人民币元 成立时间：2001-03-12 ,邮箱：finance-sh@tq365.cn电话：021-51854818 ,地址：上海嘉定环城路200号  ,科学研究和技术服务业,0
上海天正智能数据服务有限公司,法定代表人：刘凯 注册资本：1000万元人民币 成立时间：2008-10-23 ,邮箱：zhang.lei@topcheer.com电话：021-6176677 更多号码 ,地址：上海市徐汇区田林路388号1幢5楼西  ,科学研究和技术服务业,0
上海天正软件有限公司,法定代表人：刘凯 注册资本：1200万元人民币 成立时间：2003-01-27 ,邮箱：zhang.lei@topcheer.com电话：021-61276677 ,地址：中国(上海)自由贸易试验区郭守敬路351号2号楼A635-08室  ,信息传输、软件和信息技术服务业,0
上海天游软件有限公司,法定代表人：王佶 注册资本：2500万元人民币 成立时间：2004-10-08 ,邮箱：-电话：021-54278388 ,地址：上海市徐汇区桂平路391号A座19层1901室  ,科学研究和技术服务业,0
上海天畅信息技术有限公司,法定代表人：任焱 注册资本：1000万元人民币 成立时间：2003-02-28 ,邮箱：contact@techown.com电话：021-69916995 更多号码 ,地址：嘉定区金沙江西路1555弄373号A区  ,信息传输、软件和信息技术服务业,0
上海好屋网信息技术有限公司,法定代表人：陈兴 注册资本：2000万元人民币 成立时间：2013-09-30 ,邮箱：jianglei@haowu.com电话：021-26072222 ,地址：上海市宝山区呼兰路911弄11号5号楼109B室  ,信息传输、软件和信息技术服务业,0
上海富远软件技术有限公司,法定代表人：徐峰 注册资本：1000万元人民币 成立时间：2001-11-06 ,邮箱：2355959095@qq.com电话：021-54970406 更多号码 ,地址：中国(上海)自由贸易试验区郭守敬路498号14幢22301-905座  ,信息传输、软件和信息技术服务业,0
上海开新汽车服务有限公司,法定代表人：谭焕秋 注册资本：574.8134万元人民币 成立时间：2008-07-11 ,邮箱：490252388@qq.com电话：021-80210150 更多号码 ,地址：上海市闵行区顾戴路2568号2幢A228室  ,租赁和商务服务业,0
上海恩梯梯数据晋恒软件有限公司,法定代表人：木村千彫注册资本：1500万元人民币 成立时间：2006-08-23 ,邮箱：zhang_jinhao@synesoft.com.cn电话：021-61255399 ,地址：上海市徐汇区桂平路680号31号楼6层  ,信息传输、软件和信息技术服务业,0
上海房盟信息技术有限公司,法定代表人：胡书来 注册资本：1000万元人民币 成立时间：2011-07-29 ,邮箱：y.lu@hy-house.com.cn电话：021-62808333 ,地址：上海市长宁区广顺路33号8幢365室  ,科学研究和技术服务业,0
上海承维通信技术有限公司,法定代表人：冯君晟 注册资本：300万元人民币 成立时间：2006-04-04 ,邮箱：18901691122@189.cn电话：021-63811376 更多号码 ,地址：江场西路395号107-16室  ,科学研究和技术服务业,0
上海捷鑫网络科技股份有限公司,法定代表人：洪桂荣 注册资本：4300万元人民币 成立时间：2008-03-27 ,邮箱：mary.yuan@winfopay.com电话：021-52666888 更多号码 ,地址：上海市普陀区中江路879弄2号楼405室  ,科学研究和技术服务业,0
上海携宁计算机科技股份有限公司,法定代表人：赵亮 注册资本：5382万元人民币 成立时间：2003-02-20 ,邮箱：lei.yao@sinitek.com电话：021-51082122 ,地址：上海市徐汇区乐山路33号403室  ,信息传输、软件和信息技术服务业,0
上海数慧系统技术有限公司,法定代表人：曹健 注册资本：1500万元人民币 成立时间：2001-04-23 ,邮箱：hr-sh@dist.com.cn电话：021-61016226 ,地址：中国(上海)自由贸易试验区张衡路1000弄58-59号  ,信息传输、软件和信息技术服务业,0
上海旗计智能科技有限公司,法定代表人：刘涛 注册资本：15000万元人民币 成立时间：2012-02-13 ,邮箱：office@macroflag.com电话：021-80391588 更多号码 ,地址：上海市金山区山阳镇浦卫公路16299弄11号1层101室A  ,科学研究和技术服务业,0
上海星地通通信科技有限公司,法定代表人：隋田力 注册资本：3000万元人民币 成立时间：2011-07-14 ,邮箱：xd69523563@163.com电话：021-69523562 更多号码 ,地址：上海市嘉定区新冠路301号  ,制造业,0
上海期货信息技术有限公司,法定代表人：席志勇 注册资本：10000万元人民币 成立时间：2004-04-21 ,邮箱：office@sfit.shfe.com.cn电话：021-68400001 更多号码 ,地址：中国(上海)自由贸易试验区郭守敬路351号1号楼603室  ,信息传输、软件和信息技术服务业,0
上海泽众软件科技有限公司,法定代表人：王军 注册资本：5000万元人民币 成立时间：2003-10-08 ,邮箱：yangxy@spasvo.com电话：021-61079698 更多号码 ,地址：上海市普陀区武宁路423号18号楼105-3室  ,信息传输、软件和信息技术服务业,0
上海派拉软件股份有限公司,法定代表人：谭翔 注册资本：3040万元人民币 成立时间：2008-07-31 ,邮箱：para@paraview.cn电话：021-58301883 ,地址：中国(上海)自由贸易试验区张东路1388号27幢102室  ,信息传输、软件和信息技术服务业,0
上海海同信息科技有限公司,法定代表人：徐向东 注册资本：1000万元人民币 成立时间：2008-03-03 ,邮箱：g.qu@iotek.com.cn电话：021-50772235 更多号码 ,地址：中国(上海)自由贸易试验区松涛路489号1幢B座302-2室  ,信息传输、软件和信息技术服务业,0
上海游族信息技术有限公司,法定代表人：林奇 注册资本：10000万元人民币 成立时间：2009-06-22 ,邮箱：yucheng@yoozoo.com电话：021-33676512 ,地址：上海市嘉定区银翔路655号406室  ,科学研究和技术服务业,0
上海澎博财经资讯有限公司,法定代表人：徐梁诚 注册资本：500万元人民币 成立时间：2004-04-15 ,邮箱：clm@pobo.net.cn电话：021-20339157 更多号码 ,地址：中国(上海)自由贸易试验区峨山路91弄98号418室  ,信息传输、软件和信息技术服务业,0
上海爱奇艺文化传媒有限公司,法定代表人：龚宇 注册资本：1000万元人民币 成立时间：2012-12-19 ,邮箱：xihaisheng@qiyi.com电话：021-54519520 ,地址：嘉定工业区叶城路1630号3幢1016室  ,租赁和商务服务业,0
上海神箭机电工程有限责任公司,法定代表人：惠轶 注册资本：1000万元人民币 成立时间：2010-06-09 ,邮箱：guwenshan9889@sina.com电话：021-24185458 更多号码 ,地址：上海市徐汇区桂林路412号4号楼4115室  ,批发和零售业,0
上海神舟航天软件技术有限公司,法定代表人：吕明理 注册资本：500万元人民币 成立时间：2008-10-14 ,邮箱：zhoujianmei@shsasc.com电话：021-64953700 ,地址：上海市徐汇区桂平路297号301室  ,科学研究和技术服务业,0
上海紫竹信息数码港有限公司,法定代表人：夏光 注册资本：51500万元人民币 成立时间：2004-04-28 ,邮箱：13564708414@qq.com电话：021-61190090 ,地址：上海市闵行区东川路555号丙楼5208室  ,房地产业,0
上海耐特英丰信息技术有限公司,法定代表人：宋世民 注册资本：2000万人民币元 成立时间：2004-02-05 ,邮箱：ellazhang@eccom.com.cn电话：021-61372888 更多号码 ,地址：中国(上海)自由贸易试验区碧波路456号A109-2室  ,信息传输、软件和信息技术服务业,0
上海菲耐得信息科技有限公司,法定代表人：顾建东 注册资本：4000万元人民币 成立时间：2006-06-19 ,邮箱：liu_li3@hoperun.com电话：021-64703688 更多号码 ,地址：上海市徐汇区桂平路481号2号楼3F  ,科学研究和技术服务业,0
上海蓝云网络科技有限公司,法定代表人：汤涛 注册资本：1000万元人民币 成立时间：2013-03-21 ,邮箱：wang.ting3@oe.21vianet.com电话：021-28986102 更多号码 ,地址：中国(上海)自由贸易试验区科苑路88号2幢3号楼601-057即657单元  ,科学研究和技术服务业,0
上海蓝盟网络技术有限公司,法定代表人：夏立成 注册资本：404.04万元人民币 成立时间：2006-11-21 ,邮箱：jenny.wang@lanmon.com电话：021-51693198 更多号码 ,地址：上海市杨浦区国定路335号2号楼2005室  ,科学研究和技术服务业,0
上海蜂虎铭创软件技术有限公司,法定代表人：刘照波 注册资本：1000万元人民币 成立时间：2003-06-23 ,邮箱：fanyi0702@ifohoo.com电话：021-60285188 更多号码 ,地址：中国(上海)自由贸易试验区张东路1387号27幢102(复式)室一层  ,信息传输、软件和信息技术服务业,0
上海诺诺镑客金融信息服务有限公司,法定代表人：黄大容 注册资本：10800万元人民币 成立时间：2009-06-15 ,邮箱：wheat_no.1@hotmail.com电话：021-64663832 更多号码 ,地址：上海市静安区江场三路76、78号303室  ,科学研究和技术服务业,0
上海达美信息技术有限公司,法定代表人：黄益全 注册资本：1000万元人民币 成立时间：2005-06-02 ,邮箱：tao.yin@hand-china.com电话：021-67002300 更多号码 ,地址：中国(上海)自由贸易试验区祖冲之路1077号2幢1134-A室  ,信息传输、软件和信息技术服务业,0
上海远御电子科技有限公司,法定代表人：何江 注册资本：1000万元人民币 成立时间：2011-11-17 ,邮箱：sundan@viroyal-elec.com电话：021-54126012 更多号码 ,地址：上海市闵行区万源路2800号E110室  ,科学研究和技术服务业,0
上海钢之家电子商务股份有限公司,法定代表人：吴文章 注册资本：2000万元人民币 成立时间：2004-09-28 ,邮箱：wusj@steelhome.cn电话：021-50583100 更多号码 ,地址：中国(上海)自由贸易试验区东方路818号23楼23G  ,信息传输、软件和信息技术服务业,0
上海锐战网络科技有限公司,法定代表人：赵中毅 注册资本：1000万元人民币 成立时间：2010-09-30 ,邮箱：shims@game-reign.com电话：17321199837 更多号码 ,地址：上海市闵行区东川路555号戊楼2层02室B座  ,科学研究和技术服务业,0
上海锦商网络科技有限公司,法定代表人：李永林 注册资本：1000万元人民币 成立时间：2010-04-19 ,邮箱：zhangni@ouyeel.com电话：021-36638966 更多号码 ,地址：中国(上海)自由贸易试验区郭守敬路515号1幢418室  ,科学研究和技术服务业,0
上海集结信息科技有限公司,法定代表人：薛平 注册资本：1000万元人民币 成立时间：2014-09-22 ,邮箱：shanghaicaiwu@kflgroup.com电话：021-60705718 ,地址：上海市宝山区沪太路2999弄26号1层  ,科学研究和技术服务业,0
上海魄力广告传媒有限公司,法定代表人：叶成德 注册资本：1000万元人民币 成立时间：2009-04-22 ,邮箱：mgtoffice@simei.cc电话：021-32793333 更多号码 ,地址：嘉定工业区叶城路1630号2幢1006室  ,租赁和商务服务业,0
上海鸿仪通信息技术有限公司,法定代表人：胡绍兴 注册资本：1000万元人民币 成立时间：2008-03-08 ,邮箱：hongyitong@126.com电话：021-51978213 更多号码 ,地址：中国(上海)自由贸易试验区金豫路100号1幢1116室  ,科学研究和技术服务业,0
上海鸿冠信息科技股份有限公司,法定代表人：童红卫 注册资本：1800万元人民币 成立时间：2006-09-07 ,邮箱：guweiqin@hongguaninfo.com电话：021-52401298 ,地址：上海市奉贤区奉浦工业区环城东路333号323室  ,科学研究和技术服务业,0
世化普力特光电科技(北京)有限公司,法定代表人：李赫烈 注册资本：1700万美元 成立时间：2004-11-05 ,邮箱：21479826@qq.com电话：15811526083 更多号码 ,地址：北京市北京经济技术开发区兴业街6号  ,科学研究和技术服务业,0
世界经理人资讯有限公司,法定代表人：丁海森 注册资本：800万美元 成立时间：2003-03-12 ,邮箱：gzw@iceo.com电话：010-65180378 ,地址：北京市海淀区大柳树富海中心2号楼1208-035室  ,科学研究和技术服务业,0
世纪互联数据中心有限公司,法定代表人：杨海峰 注册资本：12966.5633万美元 成立时间：2000-06-12 ,邮箱：sjhl@21vianet.com电话：010-84562121 更多号码 ,地址：北京市朝阳区酒仙桥路1号院5号楼3层  ,信息传输、软件和信息技术服务业,0
世纪圣天(北京)科技有限公司,法定代表人：陆丽萍 注册资本：100万元人民币 成立时间：2005-10-20 ,邮箱：25897207@qq.com电话：13701067612 更多号码 ,地址：北京市海淀区花园路1号27号楼西2-3  ,科学研究和技术服务业,0
世纪鸿和(北京)科技发展有限公司,法定代表人：杨佳 注册资本：300万人民币元 成立时间：2006-11-15 ,邮箱：sjhh-bj@163.com电话：010-67864819 ,地址：北京市北京经济技术开发区宏达北路12号B座2区夹01室  ,科学研究和技术服务业,0
东冷科技(北京)有限公司,法定代表人：吴敬东 注册资本：500万元人民币 成立时间：2010-04-15 ,邮箱：953363628@qq.com电话：13810100546 更多号码 ,地址：北京市昌平区十三陵镇泰胡路12号  ,科学研究和技术服务业,0
东方兴业网络教育服务有限责任公司,法定代表人：黄波 注册资本：2000万元人民币 成立时间：1999-07-29 ,邮箱：xiaoyuru@cmr.net.cn电话：010-53261948 更多号码 ,地址：北京市丰台区科技园星火路10号201室  ,租赁和商务服务业,0
东方摩能国际科技发展(北京)有限公司,法定代表人：张弘 注册资本：2000万人民币元 成立时间：2007-05-23 ,邮箱：-电话：- ,地址：北京市海淀区昆明湖南路9号南区7号楼3033室  ,科学研究和技术服务业,0
东方数码(武汉)股份有限公司,法定代表人：张友华 注册资本：3000万元人民币 成立时间：2001-03-21 ,邮箱：804384703@qq.com电话：027-87854321 ,地址：武汉市东湖新技术开发区关山大道111号武汉光谷国际商务中心B栋18层21室  ,科学研究和技术服务业,0
东方永德软件(北京)有限公司,法定代表人：李照原 注册资本：1200万元人民币 成立时间：2003-06-23 ,邮箱：oyd001@oydsoft.com电话：010-58858901 ,地址：北京市海淀区上地东路1号盈创动力1号楼403号  ,科学研究和技术服务业,0
东方石文能源科技(北京)有限公司,法定代表人：杨静波 注册资本：600万人民币元 成立时间：2007-03-14 ,邮箱：821211573@qq.com电话：010-62318568 更多号码 ,地址：北京市海淀区清华东路16号艺海大厦1105室  ,科学研究和技术服务业,0
东方科创(北京)生物技术有限公司,法定代表人：胡国栋 注册资本：500万元人民币 成立时间：2006-02-22 ,邮箱：nm@bjdfkc.com电话：010-82124251 ,地址：北京市海淀区北三环西路25号2号楼212、213室  ,科学研究和技术服务业,0
东方融尚(北京)科技有限公司,法定代表人：吴峰 注册资本：1040万人民币元 成立时间：2006-02-21 ,邮箱：quyaxian@rosantech.com电话：010-62263633 ,地址：北京市海淀区文慧园北路8号南北楼11层1102室  ,科学研究和技术服务业,0
东昊电科(北京)电气有限公司,法定代表人：王入泉 注册资本：200万人民币元 成立时间：1998-03-26 ,邮箱：774517499@qq.com电话：010-68291801 更多号码 ,地址：北京市海淀区永定路85号1区222-1平房首航旅馆211室  ,批发和零售业,0
东汉儒信息技术(武汉)有限公司,法定代表人：金燕 注册资本：1100万元人民币 成立时间：2012-08-03 ,邮箱：xiner@citiloop.com电话：027-87791119 更多号码 ,地址：武汉市东湖开发区高新大道999号  ,信息传输、软件和信息技术服务业,0
东莞市宝贝光电有限公司,法定代表人：尹梓伟 注册资本：100万元人民币 成立时间：2009-01-07 ,邮箱：led-119@babyled.cn电话：0769-26627266 更多号码 ,地址：东莞松山湖高新技术产业开发区工业北四路五号ITT厂房116室  ,科学研究和技术服务业,0
东营华驰新能源科技有限公司,法定代表人：马超 注册资本：5000万元人民币 成立时间：2010-11-24 ,邮箱：471694875@qq.com电话：0546-7727767 更多号码 ,地址：东营市广饶滨海新区滨六路以西、东八路(东西段)以北  ,批发和零售业,0
东软云科技有限公司,法定代表人：王勇峰 注册资本：5000万人民币元 成立时间：2006-07-12 ,邮箱：wanghongchi@neusoft.com电话：0411-84466789 ,地址：辽宁省大连市甘井子区黄浦路901-6号F6座3层  ,信息传输、软件和信息技术服务业,0
中交铁道勘察设计院有限公司,法定代表人：廖国才 注册资本：5000万人民币元 成立时间：2009-06-10 ,邮箱：webmaster@ccccrg.cn电话：010-59725566 更多号码 ,地址：北京市东城区国子监街28号  ,科学研究和技术服务业,0
中仪国际招标有限公司,法定代表人：贾宏 注册资本：5000万元人民币 成立时间：1993-06-14 ,邮箱：cniitc@cniitc.genertec.com.cn电话：010-63348818 更多号码 ,地址：北京市丰台区西四环南路101号(园区)  ,批发和零售业,0
中企网络通信技术有限公司,法定代表人：罗宁 注册资本：8462万元人民币 成立时间：2000-08-14 ,邮箱：ZCB@china-entercom.net电话：010-88411188 ,地址：北京市海淀区西三环北路100号金玉大厦写字楼7层  ,信息传输、软件和信息技术服务业,0
中体奥林匹克花园管理集团有限公司,法定代表人：王卫东 注册资本：20000万元人民币 成立时间：2001-09-17 ,邮箱：wzh@ogm.cn电话：010-85160999 更多号码 ,地址：北京市朝阳区朝阳门外大街225号1号楼五层  ,租赁和商务服务业,0
中信信息科技投资有限公司,法定代表人：罗宁 注册资本：5000万元人民币 成立时间：2000-02-02 ,邮箱：guotz@citic-itinv.com电话：010-87931850 更多号码 ,地址：北京市朝阳区新源南路6号2号楼一层116室  ,租赁和商务服务业,0
中信网络科技股份有限公司,法定代表人：李成金 注册资本：7000万元人民币 成立时间：2001-01-04 ,邮箱：xiejl@asp.citic.com电话：010-52818888 更多号码 ,地址：北京市海淀区大钟寺东路9号1幢B103-29  ,批发和零售业,0
中信网络科技股份有限公司,法定代表人：秘增信 注册资本：5000万人民币元 成立时间：2001-01-04 ,邮箱：-电话：- ,地址：深圳市罗湖区春风路联城大厦15楼西  ,科学研究和技术服务业,0
中关村兴业(北京)高科技孵化器股份有限公司,法定代表人：李春阳 注册资本：10025.15万元人民币 成立时间：2002-09-16 ,邮箱：zgcxy@126.com电话：010-89717555 ,地址：北京市昌平区科技园区超前路37号  ,科学研究和技术服务业,0
中关村文化发展股份有限公司,法定代表人：欧阳旭 注册资本：9988万元人民币 成立时间：2001-07-19 ,邮箱：wyh@gaac.cc电话：010-84681081 更多号码 ,地址：北京市海淀区北四环西路66号第三极创意天地20层  ,文化、体育和娱乐业,0
中关村科技软件股份有限公司,法定代表人：罗群 注册资本：5335.3332万元人民币 成立时间：2002-06-12 ,邮箱：hyuan@censoft.com.cn电话：010-82825858 ,地址：北京市海淀区上地中关村软件园孵化器2号楼C座  ,信息传输、软件和信息技术服务业,0
中农金旺(北京)农业工程技术有限公司,法定代表人：田林 注册资本：500万元人民币 成立时间：2004-02-19 ,邮箱：171455317@qq.com电话：010-82377688 更多号码 ,地址：北京市海淀区学清路甲38号金码大酒店A座12层1217室  ,科学研究和技术服务业,0
中冶全泰(北京)工程科技有限公司,法定代表人：任健均 注册资本：50万人民币元 成立时间：2005-01-18 ,邮箱：441562978@qq.com电话：010-62116209 更多号码 ,地址：北京市海淀区大柳树富海中心5号楼1609号(住宅)  ,科学研究和技术服务业,0
中凯国际工程有限责任公司,法定代表人：刘生承 注册资本：10000万人民币元 成立时间：1999-01-04 ,邮箱：zouyanhua@camce.com.cn电话：010-82688021 更多号码 ,地址：北京市海淀区丹棱街3号  ,建筑业,0
中加全讯(北京)科技有限公司,法定代表人：戴焕忠 注册资本：1959.9万人民币元 成立时间：2001-05-14 ,邮箱：2755260272@QQ.COM电话：010-82318000 更多号码 ,地址：北京市海淀区知春路9号坤讯大厦12层  ,科学研究和技术服务业,0
中北雅创(北京)科技有限公司,法定代表人：崔玲 注册资本：950万人民币元 成立时间：2007-11-28 ,邮箱：1466272505@qq.com电话：010-89410754 更多号码 ,地址：北京市丰台区西四环南路56号望园大厦1123室【园区】  ,科学研究和技术服务业,0
中启寰辰科技发展(北京)有限公司,法定代表人：吕智 注册资本：1000万元人民币 成立时间：2004-09-28 ,邮箱：xuhuizhe@szjiuli.com电话：010-58734785 更多号码 ,地址：北京市海淀区莲花苑5号楼8层817、819  ,科学研究和技术服务业,0
中咨华美(北京)路桥技术有限公司,法定代表人：黄海明 注册资本：50万元人民币 成立时间：2005-07-20 ,邮箱：bjzzhm@163.com电话：010-64820236 ,地址：北京市海淀区西四环北路158号1幢8层8179号  ,科学研究和技术服务业,0
中商联合石油经贸有限公司,法定代表人：张长杰 注册资本：9000万元人民币 成立时间：2004-04-23 ,邮箱：78978888@qq.com电话：010-66019697 ,地址：北京市海淀区恩济里小区27号楼二层2632室  ,批发和零售业,0
中商集团经济合作有限公司,法定代表人：陈煜 注册资本：1600万元人民币 成立时间：1999-07-16 ,邮箱：wangdanfeng@cciec.com电话：010-68391806 更多号码 ,地址：北京市丰台区科学城星火路10号2号楼317室(园区)  ,科学研究和技术服务业,0
中国专利技术开发公司,法定代表人：张东亮 注册资本：1520万元人民币 成立时间：1986-07-26 ,邮箱：lichangfeng@sipo.gov.cn电话：010-86431311 更多号码 ,地址：北京市海淀区高粱桥斜街11号14层1609  ,科学研究和技术服务业,0
中国华电集团发电运营有限公司,法定代表人：金英军 注册资本：88000万元人民币 成立时间：2007-06-11 ,邮箱：QIANG-WU@CHDOC.COM.CN电话：010-83565900 更多号码 ,地址：北京市昌平区白浮泉路17号综合楼401  ,电力、热力、燃气及水生产和供应业,0
中国同辐股份有限公司,法定代表人：孟琰彬 注册资本：23990.61万元人民币 成立时间：1983-01-31 ,邮箱：cic@china-isotope.com电话：010-68522774 更多号码 ,地址：北京市西城区复兴门外大街A2号6层611室  ,制造业,0
中国国信信息总公司,法定代表人：袁野 注册资本：4000万元人民币 成立时间：1993-02-27 ,邮箱：zhangchen@sic.gov.cn电话：010-63691078 更多号码 ,地址：北京市海淀区复兴路2号41幢601室  ,租赁和商务服务业,0
中国国际农业投资有限公司,法定代表人：杨京 注册资本：10000万元人民币 成立时间：1989-05-06 ,邮箱：zhouxiaoli@cmcec.com电话：010-68739900 更多号码 ,地址：北京市海淀区首体南路9号4号楼7层0701-0704  ,制造业,0
中国国际电子商务有限公司,法定代表人：朱小良 注册资本：10000万元人民币 成立时间：1997-05-12 ,邮箱：heqian@ec.com.cn电话：010-67801006 更多号码 ,地址：北京市北京经济技术开发区荣华中路11号  ,信息传输、软件和信息技术服务业,0
中国对外文化集团公司,法定代表人：李金生 注册资本：48401万元人民币 成立时间：2004-08-10 ,邮箱：laihl@caeg.cn电话：010-64031318 更多号码 ,地址：北京市东城区东直门南大街甲3号  ,文化、体育和娱乐业,0
中国广视索福瑞媒介研究有限责任公司,法定代表人：唐世鼎 注册资本：5000万元人民币 成立时间：1997-12-04 ,邮箱：yangxu@csm.com.cn电话：010-85086666 ,地址：北京市朝阳区建国路甲92号24层  ,科学研究和技术服务业,0
中国康富国际租赁股份有限公司,法定代表人：王莉 注册资本：249791.8927万元人民币 成立时间：1988-06-24 ,邮箱：liujianping@ckfil.com电话：010-50815602 更多号码 ,地址：北京市海淀区马甸东路19号3层318  ,金融业,0
中国数字图书馆有限责任公司,法定代表人：姚霆 注册资本：8860万人民币元 成立时间：2000-01-17 ,邮箱：ma.tao1997@163.com电话：010-88544789 更多号码 ,地址：北京市海淀区中关村南大街33号  ,批发和零售业,0
中国时代远望科技有限公司,法定代表人：王亚文 注册资本：6688.07万元人民币 成立时间：1991-04-22 ,邮箱：zgsdyw@sina.cn电话：010-88491188 更多号码 ,地址：北京市海淀区蓝靛厂南路59号玲珑花园(会所)23号楼2层、3层  ,科学研究和技术服务业,0
中国有色工程有限公司,法定代表人：陆志方 注册资本：230000万元人民币 成立时间：1992-09-30 ,邮箱：lihaixia@enfi.com.cn电话：010-63936881 ,地址：北京市海淀区复兴路12号  ,科学研究和技术服务业,0
中国有色金属实业技术开发公司,法定代表人：冯晓元 注册资本：5000万人民币元 成立时间：1991-03-01 ,邮箱：huaiyi2604@sina.com电话：010-82337900 更多号码 ,地址：北京市海淀区知春路1号  ,科学研究和技术服务业,0
中国电子进出口国际电子服务股份有限公司,法定代表人：戴松悦 注册资本：2700万元人民币 成立时间：1988-11-23 ,邮箱：yanglianqiong@cies.com.cn电话：18302404353 更多号码 ,地址：北京市海淀区车公庄西路19号59幢3层366房  ,批发和零售业,0
中国石油化工科技开发有限公司,法定代表人：谢在库 注册资本：5000万元人民币 成立时间：1990-11-12 ,邮箱：ningxy@sinopec.com电话：010-69166669 更多号码 ,地址：北京市朝阳区惠新东街甲8号院综合楼8层  ,科学研究和技术服务业,0
中国石油集团东南亚管道有限公司,法定代表人：孟繁春 注册资本：1100000万元人民币 成立时间：2009-07-07 ,邮箱：jie.zheng@cnpc.com.cn电话：010-59983477 更多号码 ,地址：北京市昌平区昌平镇超前路9号B座208室  ,建筑业,0
中国诚信信用管理股份有限公司,法定代表人：周浩 注册资本：5000万元人民币 成立时间：1993-01-08 ,邮箱：heyuan@ccx.cn电话：010-66428855 ,地址：北京市东城区南竹杆胡同2号1幢7层50829  ,租赁和商务服务业,0
中国通用技术(集团)控股有限责任公司,法定代表人：许宪平 注册资本：750000万元人民币 成立时间：1998-03-18 ,邮箱：genertec@genertec.com.cn电话：010-63348889 更多号码 ,地址：北京市丰台区西三环中路90号23-28层  ,租赁和商务服务业,0
中国金融电子化公司,法定代表人：陈波 注册资本：2000万元人民币 成立时间：1990-03-07 ,邮箱：bgs@icfcc.com电话：010-57687139 ,地址：北京市西城区新安南里甲1号  ,信息传输、软件和信息技术服务业,0
中国长征火箭有限公司,法定代表人：刘宇 注册资本：18000万元人民币 成立时间：1998-03-27 ,邮箱：yccai@chinarocket.cn电话：010-88869995 ,地址：北京市北京经济技术开发区锦绣街6号501室  ,租赁和商务服务业,0
中外建华诚城市建筑规划设计有限公司,法定代表人：孙柏辉 注册资本：10000万元人民币 成立时间：2003-01-28 ,邮箱：402582431@qq.com电话：13321115187 更多号码 ,地址：北京市石景山区实兴大街30号院3号楼2层B-0066房间  ,科学研究和技术服务业,0
中天通信产业集团有限公司,法定代表人：于利辉 注册资本：10000万元人民币 成立时间：1996-07-12 ,邮箱：qiguanbu@v1.cn电话：010-64757988 更多号码 ,地址：北京市朝阳区湖光北街9号3层  ,信息传输、软件和信息技术服务业,0
中威正信(北京)资产评估有限公司,法定代表人：赵继平 注册资本：275万人民币元 成立时间：2001-09-07 ,邮箱：shuxiajiang@sohu.com电话：010-52262759 ,地址：北京市丰台区星火路1号1幢22层BC  ,租赁和商务服务业,0
中子星科技有限公司,法定代表人：虞达 注册资本：5000万人民币元 成立时间：2008-01-29 ,邮箱：lujie@hasfover.com电话：010-88905383 ,地址：北京市石景山区阜石路166号1号楼10层1017室  ,科学研究和技术服务业,0
中宇卫星移动通信有限责任公司,法定代表人：郭浩 注册资本：11110万人民币元 成立时间：1998-05-04 ,邮箱：-电话：- ,地址：北京市海淀区学院路42号  ,信息传输、软件和信息技术服务业,0
中安永泰(北京)科技有限公司,法定代表人：李永良 注册资本：50万人民币元 成立时间：2006-12-11 ,邮箱：-电话：- ,地址：北京市海淀区安宁庄西路9号院29号楼(金泰富地大厦)1402室  ,科学研究和技术服务业,0
中安消达明科技有限公司,法定代表人：刘善元 注册资本：10000万元人民币 成立时间：2000-03-03 ,邮箱：xiaoyan.ge@600654.com电话：010-82861199 ,地址：北京市海淀区西直门北大街52、54、56号7层南栋0101-708  ,科学研究和技术服务业,0
中山奥托立夫日信制动器系统有限公司,法定代表人：LARS JOHAN HENNING LOFVENHOLM注册资本：4500万人民币元 成立时间：2015-12-03 ,邮箱：siling.wang@anbs.com电话：0760-23891333 更多号码 ,地址：中山市火炬开发区建业路34号1区1卡  ,制造业,0
中山市通宇通信技术有限公司,法定代表人：吴中林 注册资本：18000万元人民币 成立时间：2009-10-21 ,邮箱：chenruonan@tycc.cn电话：0760-85312006 更多号码 ,地址：中山市火炬开发区东镇东二路1号  ,制造业,0
中山市金田包装材料有限公司,法定代表人：钟义仁 注册资本：50万元人民币 成立时间：2001-06-26 ,邮箱：821815347@qq.com电话：13560613426 更多号码 ,地址：中山火炬开发区岐关东路8号纪丰工业园2号厂房一楼  ,制造业,0
中山明阳风能叶片技术有限公司,法定代表人：张传卫 注册资本：5000万元人民币 成立时间：2007-10-10 ,邮箱：qiushuiyan@mywind.com.cn电话：0760-28136896 更多号码 ,地址：中山市火炬开发区横门东二围  ,制造业,0
中建能科技(北京)有限公司,法定代表人：刘显峰 注册资本：50万元人民币 成立时间：2005-09-23 ,邮箱：jianghl@hyliton.com电话：18001398280 更多号码 ,地址：北京市海淀区丰慧中路7号新材料创业大厦6层617室  ,科学研究和技术服务业,0
中建鼎元建设工程有限公司,法定代表人：程得明 注册资本：12380万元人民币 成立时间：2003-12-18 ,邮箱：www.dyjc168@163.com电话：13007155363 更多号码 ,地址：武汉市江夏区庙山办事处阳光大道阳光一路2号  ,建筑业,0
中影数字电影发展(北京)有限公司,法定代表人：赖侁 注册资本：3356万元人民币 成立时间：2003-12-04 ,邮箱：450676240@qq.com电话：010-62250574 ,地址：北京市海淀区新外大街25号北楼301室  ,文化、体育和娱乐业,0
中德(中国)环保有限公司,法定代表人：陈泽峰 注册资本：12800万欧元 成立时间：2009-12-22 ,邮箱：zzl167689@163.com电话：18311040896 更多号码 ,地址：北京市海淀区火器营路1号院1号楼2层208室  ,制造业,0
中怡数宽科技(苏州)有限公司,法定代表人：王炜 注册资本：1600万美元 成立时间：2004-01-14 ,邮箱：service@dwnet.com.cn电话：0512-67615551 ,地址：苏州工业园区星海街26号6楼  ,制造业,0
中惠元景能源科技(北京)股份有限公司,法定代表人：蒋炜 注册资本：1039万元人民币 成立时间：2011-01-07 ,邮箱：hli@sinowestar.com电话：010-82525666 更多号码 ,地址：北京市昌平区科技园区超前路5号4幢B座311C室  ,科学研究和技术服务业,0
中意资产管理有限责任公司,法定代表人：吴永烈 注册资本：20000万元人民币 成立时间：2013-05-23 ,邮箱：hong.yang@gc-amc.com电话：010-56801188 ,地址：北京市昌平区科技园区中兴路10号(凉水河村南)煌潮院内一号楼B230-1  ,金融业,0
中投保信息技术有限公司,法定代表人：冯科 注册资本：150万元人民币 成立时间：2005-01-27 ,邮箱：530637398@qq.com电话：18611291623 更多号码 ,地址：北京市海淀区西三环北路100号金玉大厦10层1016室  ,科学研究和技术服务业,0
中教畅享(北京)科技有限公司,法定代表人：黄学全 注册资本：1100万元人民币 成立时间：2007-03-14 ,邮箱：frank@itmc.cn电话：15810767941 更多号码 ,地址：北京市海淀区中关村南大街12号119幢55号  ,科学研究和技术服务业,0
中明科技(北京)有限公司,法定代表人：李贞美子注册资本：5000万元人民币 成立时间：2006-09-08 ,邮箱：yangyang@cubechia.com电话：010-62382553 ,地址：北京市西城区新德街20号2幢6层605室(德胜园区)  ,科学研究和技术服务业,0
中景园林有限公司,法定代表人：左晖 注册资本：10109万元人民币 成立时间：2004-06-02 ,邮箱：zjylmail@126.com电话：029-68682828 ,地址：陕西省西安市高新区锦业路69号创业园C区F座2层  ,建筑业,0
中智创研信息科技(北京)有限公司,法定代表人：张敏 注册资本：1000万人民币元 成立时间：2003-03-04 ,邮箱：miao5870@sina.com电话：010-68270136 更多号码 ,地址：北京市海淀区知春路108号2号楼十七层1703-07室  ,信息传输、软件和信息技术服务业,0
中智华体(北京)科技股份有限公司,法定代表人：徐文海 注册资本：3400万元人民币 成立时间：2006-12-06 ,邮箱：cisthl@qq.com电话：010-82894739 ,地址：北京市海淀区上地信息路1号(北京实创高科技发展总公司1-2号)B栋8层803室  ,科学研究和技术服务业,0
中科柏诚科技(北京)股份有限公司,法定代表人：王德敬 注册资本：4800万元人民币 成立时间：2010-10-28 ,邮箱：wdj@zkbc.net电话：010-85989984 更多号码 ,地址：北京市顺义区高丽营镇文化营村北(临空二路1号)  ,科学研究和技术服务业,0
中智建设技术工程有限责任公司,法定代表人：肖涵 注册资本：3000万人民币元 成立时间：1997-01-17 ,邮箱：466961997@qq.com电话：010-62628856 更多号码 ,地址：北京市海淀区北三环西路32号楼6层608  ,科学研究和技术服务业,0
中期恒安(北京)科技有限公司,法定代表人：陈晨 注册资本：400万人民币元 成立时间：2004-06-18 ,邮箱：aerobic0614@sina.com电话：010-58678498 ,地址：北京市海淀区北四环西路9号2104-143  ,科学研究和技术服务业,0
中机国际招标有限公司,法定代表人：岳小川 注册资本：5000万元人民币 成立时间：1993-03-02 ,邮箱：citc@citc.genertec.com.cn电话：010-63348383 更多号码 ,地址：北京市丰台区西四环南路101号(园区)  ,批发和零售业,0
中水环球(北京)科技有限公司,法定代表人：李万军 注册资本：1060万元人民币 成立时间：2006-05-19 ,邮箱：2694499682@qq.com电话：010-68785229 更多号码 ,地址：北京市门头沟区曹各庄路34号院1号楼10层1007室  ,科学研究和技术服务业,0
中汇环境有限公司,法定代表人：郭金刚 注册资本：5100万元人民币 成立时间：2011-05-24 ,邮箱：shengzhirenhe@vip.sina.com电话：010-51313660 更多号码 ,地址：北京市海淀区学院路7号12层1210室  ,水利、环境和公共设施管理业,0
中油汇智科技(北京)有限公司,法定代表人：张晓军 注册资本：100.24万人民币元 成立时间：2004-06-03 ,邮箱：-电话：- ,地址：北京市海淀区西直门北大街甲43号902室  ,科学研究和技术服务业,0
中油物采信息技术有限公司,法定代表人：周惠 注册资本：7722.31万元人民币 成立时间：2001-06-12 ,邮箱：lihong100@cnpc.com.cn电话：010-62069382 更多号码 ,地址：北京市西城区鼓楼外大街5号5层  ,科学研究和技术服务业,0
中海东丰地产(大连)有限公司,法定代表人：张智超 注册资本：1000万人民币元 成立时间：2011-03-21 ,邮箱：dlgaona@cohl.com电话：0411-84369966 更多号码 ,地址：辽宁省大连高新技术产业园区科海街17-1号  ,房地产业,0
中润阳光国际信息技术有限公司,法定代表人：俞杨恺 注册资本：7000万人民币元 成立时间：2001-04-18 ,邮箱：hr@runsun.com电话：010-62123577 ,地址：北京市海淀区中关村南大街52号3号楼10层1010A号  ,科学研究和技术服务业,0
中烟烟机零配件采购服务中心有限责任公司,法定代表人：付嘉 注册资本：5629.231497万人民币元 成立时间：1995-09-20 ,邮箱：727425619@qq.com电话：010-56917932 更多号码 ,地址：北京市丰台区海鹰路1号院6号楼3层【园区】  ,批发和零售业,0
中电华通通信有限公司,法定代表人：邱平 注册资本：200000万元人民币 成立时间：2003-01-10 ,邮箱：yangxiaohong@cect-chinacom.com电话：13261913505 更多号码 ,地址：北京市北京经济技术开发区西环南路18号B座194室  ,信息传输、软件和信息技术服务业,0
中电智行技术有限公司,法定代表人：董浩然 注册资本：36700万元人民币 成立时间：1985-06-13 ,邮箱：wangqj@hdsc.com.cn电话：010-59832000 更多号码 ,地址：北京市朝阳区高家园一号  ,科学研究和技术服务业,0
中电特检(北京)安全技术中心有限公司,法定代表人：刘琨 注册资本：400万人民币元 成立时间：2007-07-12 ,邮箱：tongyu@cseibbme.com电话：010-62920927 ,地址：北京市海淀区学院路30号科群大厦东二层  ,科学研究和技术服务业,0
中电科仪(北京)电气技术有限公司,法定代表人：李志杰 注册资本：150万人民币元 成立时间：2010-10-25 ,邮箱：WHH630308@126.COM电话：010-63710923 ,地址：北京市丰台区科学城星火路10号2号楼223室  ,科学研究和技术服务业,0
中电达通数据技术股份有限公司,法定代表人：纪航军 注册资本：5734.04万元人民币 成立时间：2005-04-07 ,邮箱：datacomesecurity@163.com电话：010-82557922 ,地址：北京市海淀区杏石口路益园文化创意产业基地C区(西杉创意园四区)5号楼四层401  ,科学研究和技术服务业,0
中科世纪(北京)数码技术有限公司,法定代表人：张毅伟 注册资本：100万元人民币 成立时间：2002-06-11 ,邮箱：zhuruilian@sinohowe.com电话：15011077521 更多号码 ,地址：北京市海淀区北四环西路9号银谷大厦18层1806室  ,科学研究和技术服务业,0
中科柏诚科技(北京)股份有限公司,法定代表人：王德敬 注册资本：4800万元人民币 成立时间：2010-10-28 ,邮箱：wdj@zkbc.net电话：010-85989984 更多号码 ,地址：北京市顺义区高丽营镇文化营村北(临空二路1号)  ,科学研究和技术服务业,1
中科筑诚建设工程有限公司,法定代表人：徐万成 注册资本：10000万人民币元 成立时间：2010-09-27 ,邮箱：zhchqy@126.com电话：010-88481652 ,地址：北京市石景山区八大处高科技园区西井路3号1号楼201房间  ,建筑业,0
中科精诚信息系统有限公司,法定代表人：倪晓灵 注册资本：9285万人民币元 成立时间：2003-04-22 ,邮箱：-电话：- ,地址：北京市海淀区中关村科学院南路6号科研综合楼1136房间  ,信息传输、软件和信息技术服务业,0
中竹科技有限公司,法定代表人：锡元 注册资本：5000万人民币元 成立时间：2001-05-28 ,邮箱：zhongzhu68@sina.com电话：010-82332143 ,地址：北京市海淀区学院路29号120栋盛地写字楼405室  ,科学研究和技术服务业,0
中粮丰通(北京)食品有限公司,法定代表人：杨红 注册资本：1162万美元 成立时间：2005-12-14 ,邮箱：li-jia1@cofco.com电话：010-61253302 ,地址：北京市大兴区北京生物工程与医药产业基地永大路21号  ,制造业,0
中线创艺(北京)文化传媒有限公司,法定代表人：周宁 注册资本：100万元人民币 成立时间：2009-07-17 ,邮箱：597124771@qq.com电话：13651395913 更多号码 ,地址：北京市北京经济技术开发区文化园东路6号1幢1号  ,文化、体育和娱乐业,0
中经网数据有限公司,法定代表人：李凯 注册资本：20000万元人民币 成立时间：1996-06-20 ,邮箱：zhongjwxy@cei.gov.cn电话：010-68558535 更多号码 ,地址：北京市西城区新街口外大街28号A座206号(德胜园区)  ,信息传输、软件和信息技术服务业,0
中网数据(北京)股份有限公司,法定代表人：孙远根 注册资本：654.545455万元人民币 成立时间：2007-05-15 ,邮箱：rong.zheng@isinonet.com电话：010-58251700 更多号码 ,地址：北京市海淀区丰秀中路3号院7号楼4层401室  ,信息传输、软件和信息技术服务业,0
中能投能源环保产业控股有限公司,法定代表人：阮涛 注册资本：5000万元人民币 成立时间：2004-07-14 ,邮箱：zhchyyy@sina.com电话：010-82898508 更多号码 ,地址：北京市海淀区上地三街9号金隅嘉华大厦A座401号室  ,租赁和商务服务业,0
中自控(北京)环境工程有限公司,法定代表人：孟少卿 注册资本：1502.5万人民币元 成立时间：2004-05-14 ,邮箱：724883316@qq.com电话：010-86399486 更多号码 ,地址：北京市海淀区中关村东路18号(财智国际大厦C座1101室)  ,水利、环境和公共设施管理业,0
中航世新安装工程(北京)有限公司,法定代表人：杨春雷 注册资本：5000万元人民币 成立时间：2003-11-12 ,邮箱：zhangtianhang@cagtc.com电话：010-57827301 ,地址：北京市朝阳区安翔里1号底商  ,建筑业,0
中航四维(北京)航空遥感技术有限公司,法定代表人：王铮 注册资本：1500万人民币元 成立时间：2006-12-26 ,邮箱：liuxuan@cnurs.com电话：010-88392939 ,地址：北京市丰台区中关村丰台园基地二期用地道丰科技商务园26A14-1501  ,科学研究和技术服务业,0
中航天地激光科技有限公司,法定代表人：汪泳 注册资本：11000万元人民币 成立时间：2011-12-19 ,邮箱：zhtdjg@163.com电话：010-56767952 更多号码 ,地址：北京市昌平区科技园区超前路37号院16号楼2层A0029号  ,科学研究和技术服务业,0
中航材导航技术(北京)有限公司,法定代表人：周新红 注册资本：1500万元人民币 成立时间：2006-11-17 ,邮箱：wangym@casc.com.cn电话：010-87663515 更多号码 ,地址：北京市朝阳区东三环南路17号(B座)28层28-K  ,科学研究和技术服务业,0
中航泰克技术(北京)有限公司,法定代表人：谢立群 注册资本：1000万元人民币 成立时间：2006-04-14 ,邮箱：wanying@aerotek.com.cn电话：010-62970066 ,地址：北京市海淀区上地三街9号E座4层407  ,科学研究和技术服务业,0
中航西安航空计算技术有限公司,法定代表人：周波 注册资本：500万元人民币 成立时间：2011-05-17 ,邮箱：-电话：029-89186086 更多号码 ,地址：西安市锦业二路15号二号厂房  ,批发和零售业,0
中色国际矿业股份有限公司,法定代表人：武翔 注册资本：39683.33万元人民币 成立时间：2002-08-26 ,邮箱：info@cnmim.com电话：010-84424551 更多号码 ,地址：北京市丰台区科技园星火路10号A416  ,科学研究和技术服务业,0
中色金地资源科技有限公司,法定代表人：黄震 注册资本：10000万人民币元 成立时间：2004-12-24 ,邮箱：hwangzhen@hotmail.com电话：010-84929460 更多号码 ,地址：北京市丰台区科学城星火路10号180室(园区)  ,科学研究和技术服务业,0
中视体育娱乐有限公司,法定代表人：郑梦晖 注册资本：6000万元人民币 成立时间：1996-08-08 ,邮箱：liuzhilin@cctvse.net电话：010-52813333 更多号码 ,地址：北京市朝阳区光华路15号院1号楼16层  ,文化、体育和娱乐业,0
中视实业集团有限公司,法定代表人：田应坪 注册资本：10000万元人民币 成立时间：1997-06-27 ,邮箱：zssy@citvc.com电话：010-63957034 更多号码 ,地址：北京市海淀区羊坊店路9号  ,文化、体育和娱乐业,0
中视影视制作有限公司,法定代表人：赵建军 注册资本：8000万元人民币 成立时间：1997-01-07 ,邮箱：zsys.jb@vip.163.com电话：010-51862777 ,地址：北京市海淀区羊坊店路9号8层  ,文化、体育和娱乐业,0
中视科华有限公司,法定代表人：韩立新 注册资本：20300万元人民币 成立时间：2005-11-14 ,邮箱：zskh@mediacctv.com电话：010-65911977 ,地址：北京市海淀区羊坊店路9号3段9层919、920室  ,科学研究和技术服务业,0
中讯数网(北京)信息技术有限公司,法定代表人：靳崇义 注册资本：1000万人民币元 成立时间：2006-02-24 ,邮箱：wjq1972@163.com电话：010-68860348 ,地址：北京市海淀区交通大学路1号院1号楼1层1-3-5  ,信息传输、软件和信息技术服务业,0
中诚信国际信用评级有限责任公司,法定代表人：闫衍 注册资本：3266.67万元人民币 成立时间：1999-08-24 ,邮箱：ldong@ccxi.com.cn电话：010-66428877 ,地址：北京市东城区南竹杆胡同2号1幢60101  ,金融业,0
中诚信财务顾问有限公司,法定代表人：于宏英 注册资本：5000万元人民币 成立时间：2003-01-29 ,邮箱：tanyue@ccx.cn电话：13681303657 更多号码 ,地址：北京市丰台区丰台路口139号主楼523A室  ,租赁和商务服务业,0
中赫时尚(北京)文化发展股份有限公司,法定代表人：谢雪清 注册资本：1100万元人民币 成立时间：2000-10-31 ,邮箱：board@cohim.com电话：010-56920009 更多号码 ,地址：北京市朝阳区酒仙桥北路7号45幢002  ,文化、体育和娱乐业,0
中软国际科技服务有限公司,法定代表人：陈宇红 注册资本：10000万元人民币 成立时间：2012-04-01 ,邮箱：xzb@chinasoftinc.com电话：029-89633891 更多号码 ,地址：西安市高新区云水一路3639号中软国际西安科技园F1 座  ,信息传输、软件和信息技术服务业,0
中软国际科技服务(大连)有限公司,法定代表人：陈宇红 注册资本：1000万元人民币 成立时间：2012-07-18 ,邮箱：dingsong@chinasofti.com电话：0411-84768883 ,地址：辽宁省大连高新技术产业园区软件园东路5号3号楼601室  ,科学研究和技术服务业,0
中远信息科技有限公司,法定代表人：叶伟龙 注册资本：1000万人民币元 成立时间：2000-05-11 ,邮箱：tiancheng@bj.cosconetwork.com电话：010-88020852 更多号码 ,地址：北京市海淀区中关村南大街乙56号  ,科学研究和技术服务业,0
中远网络(北京)有限公司,法定代表人：周群 注册资本：3000万元人民币 成立时间：2004-09-07 ,邮箱：tiancheng@bj.cosconetwork.com电话：010-88020852 更多号码 ,地址：北京市海淀区中关村南大街乙56号  ,科学研究和技术服务业,0
临沂市国连电子有限公司,法定代表人：崔宝刚 注册资本：50万人民币元 成立时间：2004-06-03 ,邮箱：guolian_cgx@vip.163.com电话：0539-7102667 ,地址：临沂高新区宝山路南段  ,制造业,0
中通建设股份有限公司,法定代表人：毛海泉 注册资本：10000万元人民币 成立时间：2001-11-01 ,邮箱：ztjsgfgw@citcc.cn电话：010-67817300 更多号码 ,地址：北京市北京经济技术开发区景园北街2号内15号楼  ,建筑业,0
中邮涌莲(北京)科技有限公司,法定代表人：谷文斌 注册资本：500万元人民币 成立时间：2007-03-28 ,邮箱：wangyongli@gp.thunis.com电话：010-62789255-8373 更多号码 ,地址：北京市海淀区中关村东路1号院2号楼312室  ,科学研究和技术服务业,0
中钢招标有限责任公司,法定代表人：张智恒 注册资本：2000万人民币元 成立时间：2002-03-14 ,邮箱：tendering@sinosteel.com电话：010-62688251 ,地址：北京市海淀区海淀大街8号  ,批发和零售业,0
中钢科技发展有限公司,法定代表人：王守业 注册资本：5000万元人民币 成立时间：2005-06-16 ,邮箱：tech@sinosteel.com电话：010-62688608 更多号码 ,地址：北京市海淀区海淀大街8号  ,科学研究和技术服务业,0
中钢集团金信咨询有限责任公司,法定代表人：张智恒 注册资本：5000万人民币元 成立时间：1999-02-02 ,邮箱：consult@sinosteel.com电话：010-62688378 更多号码 ,地址：北京市海淀区海淀大街8号中钢国际广场A座30层A区  ,租赁和商务服务业,0
中铁信弘信(北京)信息工程咨询有限责任公司,法定代表人：苏亚 注册资本：1000万元人民币 成立时间：1997-01-27 ,邮箱：liulinlin@sinorail.com电话：010-51842725 更多号码 ,地址：北京市海淀区首体南路16号国兴大厦E座8层  ,租赁和商务服务业,0
中铁信弘科(北京)信息工程有限责任公司,法定代表人：吴建中 注册资本：1000万人民币元 成立时间：1999-04-14 ,邮箱：-电话：- ,地址：北京市海淀区首体南路22号国兴大厦7层  ,科学研究和技术服务业,0
中铁信金快(北京)信息工程有限责任公司,法定代表人：张鹏 注册资本：1000万人民币元 成立时间：1997-11-12 ,邮箱：-电话：- ,地址：北京市海淀区首体南路22号楼7层东侧  ,科学研究和技术服务业,0
中铁特货大件运输有限责任公司,法定代表人：时杰 注册资本：2000万人民币元 成立时间：2000-08-10 ,邮箱：ztthdjgs@126.com电话：010-51869099 ,地址：北京市丰台区南四环西路188号1区27号楼  ,交通运输、仓储和邮政业,0
中铁特货汽车物流有限责任公司,法定代表人：张玺 注册资本：4600万人民币元 成立时间：2001-07-06 ,邮箱：qcwlzhb@126.com电话：010-51896027 更多号码 ,地址：北京市丰台区天伦北里8号楼1-3层(全部)  ,交通运输、仓储和邮政业,0
中铁电化集团北京电信研究试验中心有限公司,法定代表人：孟力 注册资本：642.64万人民币元 成立时间：1992-10-09 ,邮箱：crttc@crttc.com电话：010-51846032 ,地址：北京市丰台区西四环南路88号415室(园区)  ,科学研究和技术服务业,0
中铁置业集团有限公司,法定代表人：郑勇 注册资本：650000万元人民币 成立时间：2007-02-14 ,邮箱：ztzy@crreg.com.cn电话：010-83925687 更多号码 ,地址：北京市丰台区科学城海鹰路9号2号楼124室  ,房地产业,0
乐普药业(北京)有限责任公司,法定代表人：张霞 注册资本：3826.666667万元人民币 成立时间：1998-11-08 ,邮箱：272389487@qq.com电话：18001030616 更多号码 ,地址：北京市昌平区科技园区超前路9号B座2032  ,制造业,0
乐普(北京)医疗器械股份有限公司,法定代表人：蒲忠杰 注册资本：178165.2921万元人民币 成立时间：1999-06-11 ,邮箱：office_lepu@lepumedical.com电话：010-80120666 更多号码 ,地址：北京市昌平区超前路37号  ,制造业,0
中铁(北京)信息技术服务有限责任公司,法定代表人：张鹏 注册资本：3000万人民币元 成立时间：2002-07-16 ,邮箱：changxiao@sinorail.com电话：010-51836831 ,地址：北京市海淀区首体南路16号国兴大厦E栋7层  ,科学研究和技术服务业,0
乐普(北京)医疗装备有限公司,法定代表人：蒲忠杰 注册资本：4790万元人民币 成立时间：1999-05-31 ,邮箱：404414796@qq.com电话：010-89491372-808 更多号码 ,地址：北京市顺义区林河开发区顺仁路60号  ,制造业,0
中铝物流集团有限公司,法定代表人：刘为胜 注册资本：96429.116814万元人民币 成立时间：2002-11-14 ,邮箱：sq_liang@chalco.com.cn电话：010-63985683 更多号码 ,地址：北京市海淀区复兴路乙12号1219号  ,交通运输、仓储和邮政业,0
乐视网信息技术(北京)股份有限公司,法定代表人：刘淑青 注册资本：199472.0096万元人民币 成立时间：2004-11-10 ,邮箱：zhaosiheng1@le.com电话：010-59063330 更多号码 ,地址：北京市海淀区学院南路68号19号楼六层6184号房间  ,科学研究和技术服务业,0
中青旅国际旅游有限公司,法定代表人：张立军 注册资本：14554万元人民币 成立时间：2000-04-06 ,邮箱：wanglz@aoyou.com电话：010-58158063 更多号码 ,地址：北京市东城区东直门南大街5号中青旅大厦5层  ,租赁和商务服务业,0
中青旅联科(北京)公关顾问有限公司,法定代表人：袁浩 注册资本：1010万元人民币 成立时间：2007-12-11 ,邮箱：macong@cytslinkage.com电话：010-58158699 ,地址：北京市东城区东直门南大街5号12层1201  ,租赁和商务服务业,0
中非重工投资有限公司,法定代表人：王克俊 注册资本：25000万人民币元 成立时间：2009-05-27 ,邮箱：af@yto.com.cn电话：010-84004376 更多号码 ,地址：北京市东城区东直门外大街46号1号楼806  ,租赁和商务服务业,0
中鼎纪元(北京)国际工程设计有限公司,法定代表人：宁江河 注册资本：1010万元人民币 成立时间：2005-03-14 ,邮箱：zhongdingjiyuan@chinauae.com电话：010-88569901 ,地址：北京市海淀区西三环北路25号71幢十层  ,科学研究和技术服务业,0
临沂中圣动力机械有限公司,法定代表人：黄小周 注册资本：50万元人民币 成立时间：2002-04-10 ,邮箱：zhongsheng28636731@126.com电话：0539-6492226 更多号码 ,地址：临沂高新区马厂湖镇西墩社区  ,制造业,0
临沂中法利群太阳能科技有限公司,法定代表人：李新 注册资本：300万元人民币 成立时间：2006-12-13 ,邮箱：-电话：13583904448 更多号码 ,地址：临沂高新区创新大厦中试车间  ,批发和零售业,0
临沂市华天印务有限公司,法定代表人：刘庆华 注册资本：150万元人民币 成立时间：2004-05-10 ,邮箱：1650538299@qq.com电话：0539-8529658 更多号码 ,地址：临沂工业园工业二路中段  ,制造业,0
临沂市国连电子有限公司,法定代表人：崔宝刚 注册资本：50万人民币元 成立时间：2004-06-03 ,邮箱：guolian_cgx@vip.163.com电话：0539-7102667 ,地址：临沂高新区宝山路南段  ,制造业,1
临沂市山财木业有限公司,法定代表人：周欣 注册资本：2160万元人民币 成立时间：2006-05-25 ,邮箱：7341352@qq.com电话：15866985911 更多号码 ,地址：山东省临沂市高新技术产业开发区马厂湖镇西叠庄村  ,制造业,0
临沂市志同华盛木业板材厂,投资人：邢志华 注册资本：- 成立时间：2006-04-11 ,邮箱：329562776@qq.com电话：13562996188 更多号码 ,地址：兰山区兰山办事处庙上村  ,制造业,0
临沂市景华木业有限公司,法定代表人：化书景 注册资本：101万元人民币 成立时间：2006-05-23 ,邮箱：1239107895@qq.com电话：13705391666 更多号码 ,地址：兰山区马厂湖镇  ,制造业,0
临沂市杭标摩擦材料有限公司,法定代表人：洪燕 注册资本：200万元人民币 成立时间：2009-08-24 ,邮箱：linyihangbiaomocacai@163.com电话：0539-7101299 ,地址：临沂高新区双月湖路西段  ,制造业,0
临沂市源树甲醛有限公司,法定代表人：杨志华 注册资本：100万元人民币 成立时间：2008-11-28 ,邮箱：670743787@qq.c电话：15963962222 更多号码 ,地址：临沂市兰山区解放路以南临沂市工业园工业二路与前洞门路交汇处南80米  ,制造业,0
临沂市现代美彩印有限公司,法定代表人：苏元平 注册资本：200万人民币元 成立时间：2009-09-11 ,邮箱：236372012@qq.com电话：0539-2193855 更多号码 ,地址：山东省临沂高新区马厂湖镇金宝山路中段  ,制造业,0
临沂市盛永动力机械有限公司,法定代表人：王晓东 注册资本：110万人民币元 成立时间：2007-01-23 ,邮箱：-电话：- ,地址：临沂高新技术产业开发区工业一路中段西侧  ,制造业,0
临沂市红鑫木业有限公司,法定代表人：李学忠 注册资本：50万元人民币 成立时间：2000-11-13 ,邮箱：78281963@qq.com电话：15376068372 更多号码 ,地址：临沂市兰山办事处后洞门河东村  ,制造业,0
临沂市金佰禾食品有限公司,法定代表人：章伏银 注册资本：600万元人民币 成立时间：2003-08-05 ,邮箱：15065998888@139.com电话：15065998888 更多号码 ,地址：山东省临沂市高新区解放路西段兰华研发综合产业园  ,制造业,0
临沂市飞鸿木业有限公司,法定代表人：慎明玉 注册资本：100万元人民币 成立时间：2005-01-19 ,邮箱：438426150@qq.com电话：13805496488 更多号码 ,地址：山东省临沂市兰陵县矿坑镇湖子峪村北590米  ,制造业,0
临沂永森木业有限公司,法定代表人：李修明 注册资本：101万元人民币 成立时间：2006-11-10 ,邮箱：1131043611@qq.com电话：13583933123 更多号码 ,地址：临沂市兰山区郭庄工业园  ,制造业,0
临沂沂蒙精工科技有限公司,法定代表人：彭福岩 注册资本：300万人民币元 成立时间：2012-01-17 ,邮箱：1305068104@qq.com电话：0539-8528677 ,地址：临沂高新技术产业开发区马厂湖镇武德村(解放路西段)  ,制造业,0
仁和药房网(北京)医药科技有限公司,法定代表人：李洪波 注册资本：3300万元人民币 成立时间：2001-08-08 ,邮箱：xiaomm@yaofang.com电话：010-63626200 更多号码 ,地址：北京市丰台区星火路9号(园区)  ,科学研究和技术服务业,0
临沂海城建材机械有限公司,法定代表人：刘玉海 注册资本：500万元人民币 成立时间：2006-04-30 ,邮箱：824154753@qq.com电话：13385498668 更多号码 ,地址：临沂高新区马厂湖镇驻地  ,制造业,0
临沂金辰汽车配件有限公司,法定代表人：密荣娟 注册资本：500万人民币元 成立时间：2006-04-14 ,邮箱：315715095@qq.com电话：0539-8531919 更多号码 ,地址：临沂市兰山区临沂工业园区工业二路与大山路交汇处  ,制造业,0
临沂驰丰包装有限公司,法定代表人：李春天 注册资本：318万人民币元 成立时间：2005-02-25 ,邮箱：qybzzp@163.com电话：0539-2926616 更多号码 ,地址：临沂高新区罗八路中段东侧  ,制造业,0
丹佛仪器(北京)有限公司,法定代表人：彭泰松 注册资本：186万美元 成立时间：1995-12-01 ,邮箱：guanxiong.wu@sartorius.com电话：010-80426300 ,地址：北京市顺义区空港工业区B区裕安路33号厂房办公楼二层  ,制造业,0
丹华水利环境技术(上海)有限公司,法定代表人：ANTOINE S.LABROSSE注册资本：42万美元 成立时间：2004-05-20 ,邮箱：qiq@dhigroup.com电话：021-64178810 更多号码 ,地址：中国(上海)自由贸易试验区郭守敬路351号2号楼602H-11室  ,信息传输、软件和信息技术服务业,0
乐元素科技(北京)股份有限公司,法定代表人：王海宁 注册资本：38000万元人民币 成立时间：2012-02-21 ,邮箱：jing.fan@happyelements.com电话：010-52817668 ,地址：北京市石景山区实兴大街30号院7号楼9层912室  ,科学研究和技术服务业,0
乐山和邦农业科技有限公司,法定代表人：曾小平 注册资本：49200万元人民币 成立时间：2013-11-27 ,邮箱：-电话：0833-3208293 ,地址：乐山市五通桥区牛华镇  ,科学研究和技术服务业,0
乐普药业(北京)有限责任公司,法定代表人：张霞 注册资本：3826.666667万元人民币 成立时间：1998-11-08 ,邮箱：272389487@qq.com电话：18001030616 更多号码 ,地址：北京市昌平区科技园区超前路9号B座2032  ,制造业,3
乐普(北京)医疗器械股份有限公司,法定代表人：蒲忠杰 注册资本：178165.2921万元人民币 成立时间：1999-06-11 ,邮箱：office_lepu@lepumedical.com电话：010-80120666 更多号码 ,地址：北京市昌平区超前路37号  ,制造业,250
乐普(北京)医疗装备有限公司,法定代表人：蒲忠杰 注册资本：4790万元人民币 成立时间：1999-05-31 ,邮箱：404414796@qq.com电话：010-89491372-808 更多号码 ,地址：北京市顺义区林河开发区顺仁路60号  ,制造业,41
乐视网信息技术(北京)股份有限公司,法定代表人：刘淑青 注册资本：199472.0096万元人民币 成立时间：2004-11-10 ,邮箱：zhaosiheng1@le.com电话：010-59063330 更多号码 ,地址：北京市海淀区学院南路68号19号楼六层6184号房间  ,科学研究和技术服务业,1982
乐麦信息技术(杭州)有限公司,法定代表人：刘威 注册资本：2240万美元 成立时间：2011-02-12 ,邮箱：178347787@163.com电话：0571-28181310 ,地址：浙江省杭州市滨江区江虹路611号1号楼402室  ,科学研究和技术服务业,0
九合天下(北京)科技有限公司,法定代表人：徐蓉 注册资本：1596.603万元人民币 成立时间：2007-11-30 ,邮箱：limeiqi@9hcom.com电话：010-84221010 ,地址：北京市东城区和平里东街11号院内航星四号楼3层  ,科学研究和技术服务业,0
九成空间科技有限公司,法定代表人：杜明成 注册资本：5000万元人民币 成立时间：2013-05-08 ,邮箱：1109574643@qq.com电话：010-50955181 更多号码 ,地址：北京市顺义区国门商务区机场东路2号  ,科学研究和技术服务业,0
九源天能(北京)能源技术有限公司,法定代表人：木正波 注册资本：5000万元人民币 成立时间：2012-06-20 ,邮箱：wangyl_sinowise@126.com电话：010-82830175 ,地址：北京市海淀区清河嘉园东区甲1号楼842室  ,科学研究和技术服务业,0
云南广电网络集团有限公司,法定代表人：和向东 注册资本：178544.2万元人民币 成立时间：2010-07-01 ,邮箱：-电话：0871-68053566 更多号码 ,地址：云南省昆明市五华区云南软件园孵化楼12B楼  ,信息传输、软件和信息技术服务业,0
五矿国际工程技术有限公司,法定代表人：何流 注册资本：8000万人民币元 成立时间：2007-12-07 ,邮箱：baowh@minmetals.com电话：010-60163193 更多号码 ,地址：北京市海淀区西直门外大街168号腾达大厦2011室  ,科学研究和技术服务业,0
亚泰都会(北京)城市规划建筑园林设计研究院股份有限公司,法定代表人：王军 注册资本：2587万元人民币 成立时间：2006-07-11 ,邮箱：2328420230@qq.com电话：18519784287 更多号码 ,地址：北京市朝阳区酒仙桥路甲4号3号楼1101室、1104-A室  ,科学研究和技术服务业,0
亚美亚(中国)通讯设备有限公司,法定代表人：陈蔚 注册资本：610万美元 成立时间：2000-07-21 ,邮箱：wang@avaya.com电话：010-85165512 更多号码 ,地址：北京市海淀区花园东路10号高德大厦五层510号  ,制造业,0
京中密(北京)科技有限公司,法定代表人：施凌松 注册资本：200万人民币元 成立时间：2004-11-22 ,邮箱：bjzm08@126.com电话：010-62061427 ,地址：北京市西城区新德街20号305室(德胜园区)  ,科学研究和技术服务业,0
京信通信技术(广州)有限公司南京研发中心,负责人：王伟 注册资本：- 成立时间：2005-06-16 ,邮箱：libing@comba.com.cn电话：025-84606216 更多号码 ,地址：南京市秦淮区光华路166号602室(德兰大厦西区6楼)  ,信息传输、软件和信息技术服务业,0
京卫医药科技集团有限公司,法定代表人：景大勇 注册资本：7128万元人民币 成立时间：1999-06-17 ,邮箱：zhangxx@jewim.com.cn电话：15901313200 更多号码 ,地址：北京市丰台区星火路9号1幢、2幢(园区)  ,科学研究和技术服务业,0
京山京源科技投资有限公司,法定代表人：孙友元 注册资本：21733万元人民币 成立时间：2005-07-14 ,邮箱：344176744@qq.com电话：0724-7325496 更多号码 ,地址：京山县新市镇轻机大道(富水花园)  ,租赁和商务服务业,0
京津海园林工程(北京)有限公司,法定代表人：金守富 注册资本：400万人民币元 成立时间：2008-05-14 ,邮箱：chen_jing112233@sina.cn电话：010-82740811 更多号码 ,地址：北京市朝阳区林萃西里26号楼一层12号  ,水利、环境和公共设施管理业,0
京睿科技(北京)有限公司,法定代表人：陈主望 注册资本：300万美元 成立时间：2007-01-18 ,邮箱：yinliu@zhaoxin.com电话：010-82695588 更多号码 ,地址：北京市海淀区中关村东路1号院7号楼10层1001-1  ,科学研究和技术服务业,0
亿恒讯通(北京)网络技术有限公司,法定代表人：丁庆利 注册资本：1100万元人民币 成立时间：2004-04-22 ,邮箱：chenqihong@yihengit.com.cn电话：13001232926 更多号码 ,地址：北京市海淀区昆明湖南路51号C座二层206号  ,科学研究和技术服务业,0
亿比亚(北京)粒子加速器技术有限公司,法定代表人：欧乐朗 注册资本：368万美元 成立时间：2006-07-06 ,邮箱：james.xu@iba-group.com电话：010-80809288 更多号码 ,地址：北京市通州区中关村科技园区通州园光机电一体化产业基地兴光二街六号  ,科学研究和技术服务业,0
亿腾华泰(北京)科技有限公司,法定代表人：沈建平 注册资本：15万美元 成立时间：2003-01-23 ,邮箱：gongdaoyue1994@163.com电话：010-51655918 更多号码 ,地址：北京市海淀区苏州街12号西屋国际公寓C1601室  ,科学研究和技术服务业,0
亿雅捷交通系统(北京)有限公司,法定代表人：宣晶 注册资本：5000万人民币元 成立时间：2006-09-01 ,邮箱：jie.tan@ergchina.com电话：010-84385633 更多号码 ,地址：北京市海淀区青云里满庭芳园小区9号楼青云当代大厦1705F1室  ,信息传输、软件和信息技术服务业,0
仁和药房网国华(北京)医药有限公司,法定代表人：李洪波 注册资本：1000万元人民币 成立时间：2009-01-20 ,邮箱：hanhg@yaofang.com电话：010-63626200 更多号码 ,地址：北京市丰台区星火路9号1幢(园区)  ,批发和零售业,0
仁和药房网(北京)医药科技有限公司,法定代表人：李洪波 注册资本：3300万元人民币 成立时间：2001-08-08 ,邮箱：xiaomm@yaofang.com电话：010-63626200 更多号码 ,地址：北京市丰台区星火路9号(园区)  ,科学研究和技术服务业,3
仁宝视讯电子(昆山)有限公司,法定代表人：许胜雄 注册资本：7500万美元 成立时间：2011-03-02 ,邮箱：MEI_HAN@COMPAL.COM电话：13912688960 更多号码 ,地址：江苏省昆山市巴城镇石牌立基路1881号  ,制造业,0
企商在线(北京)网络股份有限公司,法定代表人：贾晓洁 注册资本：3135.1351万元人民币 成立时间：2003-12-23 ,邮箱：zhenglina@netnic.com.cn电话：010-62190003 ,地址：北京市海淀区北三环西路32号楼17层1909  ,科学研究和技术服务业,0
伊卡路斯(北京)车辆技术有限公司,法定代表人：马春波 注册资本：1500万元人民币 成立时间：2009-03-02 ,邮箱：JVSBJ@163.COM电话：010-63705952 更多号码 ,地址：北京市丰台区南四环西路188号二区5号楼5层  ,科学研究和技术服务业,0
优优祝福(北京)科技有限公司,法定代表人：杨新永 注册资本：1500万元人民币 成立时间：2009-09-28 ,邮箱：chendongmei@uuzhufu.com电话：010-82895677 更多号码 ,地址：北京市海淀区上地信息路2号(北京实创高科技发展总公司2-2号D栋1-8层)四层404A室  ,科学研究和技术服务业,0
优品生活(北京)科技有限公司,法定代表人：董路 注册资本：1676万美元 成立时间：2008-06-19 ,邮箱：nana@lamiu.cn电话：13146675874 更多号码 ,地址：北京市丰台区丰台区马家堡东路121号院1号楼5层607  ,科学研究和技术服务业,0
优莱博技术(北京)有限公司,法定代表人：张成祥 注册资本：500万元人民币 成立时间：2004-08-20 ,邮箱：wangxiaozhen@julabo.cn电话：010-51656060 更多号码 ,地址：北京市朝阳区酒仙桥东路1号院8号楼3层301室  ,科学研究和技术服务业,0
优讯时代(北京)网络技术有限公司,法定代表人：蒋亚洪 注册资本：700万元人民币 成立时间：2007-02-27 ,邮箱：ding.dehong@uuwatch.com电话：010-82895510 更多号码 ,地址：北京市海淀区西北旺东路10号院东区5号楼C5-2号  ,信息传输、软件和信息技术服务业,0
伟创力(中国)电子设备有限公司,法定代表人：马万行 注册资本：3960万美元 成立时间：2005-10-09 ,邮箱：dan.ye@flex.com电话：13911703613 更多号码 ,地址：北京市海淀区科学院南路2号C座南楼5层536室  ,制造业,0
伟翔联合环保科技发展(北京)有限公司,法定代表人：李春航 注册资本：120万美元 成立时间：2006-08-04 ,邮箱：yanhong_li@tes-amm.cn电话：010-60592500 ,地址：北京市通州区中关村科技园区通州园金桥科技产业基地景盛中街22号  ,科学研究和技术服务业,0
佛山市亿来新型材料有限公司,法定代表人：吴毅 注册资本：188万港元 成立时间：2002-08-01 ,邮箱：397549144@qq.com电话：0757-88626868 ,地址：佛山市高明区荷城街道三明路  ,制造业,0
佛山市佛钢气体有限公司,法定代表人：陈永标 注册资本：1435万元人民币 成立时间：2006-11-28 ,邮箱：-电话：0757-82517307 ,地址：佛山市禅城区_宝中路60号  ,制造业,0
佛山市金轮纺织有限公司,法定代表人：黄辉 注册资本：1177.8万人民币元 成立时间：2001-07-25 ,邮箱：884211348@qq.com电话：0757-88621180 更多号码 ,地址：佛山市高明区荷城街道兴洲路10号  ,制造业,0
佛山市金银翠工艺有限公司,法定代表人：陈小山 注册资本：6000万元人民币 成立时间：2008-07-10 ,邮箱：fsfxy1978@163.com电话：0757-82580563 更多号码 ,地址：佛山市禅城区古大路4号一座七层701  ,制造业,0
佛山市高明区名豪轩家具有限公司,法定代表人：陈建华 注册资本：100万元人民币 成立时间：2006-03-20 ,邮箱：541544491@qq.com电话：13902850909 更多号码 ,地址：佛山市高明区荷城街道西安庆洲工业区25号土地  ,制造业,0
佛山市高明天朝家具有限公司,法定代表人：蒋远宏 注册资本：1000万元人民币 成立时间：2005-11-30 ,邮箱：740252899@qq.com电话：0757-88869508 更多号码 ,地址：佛山市高明区荷城街道西安庆洲开发区  ,住宿和餐饮业,0
佛山市高明得宝不锈钢制品有限公司,法定代表人：霍建宁 注册资本：100万元人民币 成立时间：2003-09-02 ,邮箱：ab88620000@126.com电话：18925965143 更多号码 ,地址：佛山市高明区沧江工业园三洲园区  ,制造业,0
佛山市高明普健合成革有限公司,法定代表人：程义隆 注册资本：270万美元 成立时间：2004-09-13 ,邮箱：373374678@QQ.COM电话：13542527782 更多号码 ,地址：佛山市高明区沧江工业园东园三洲园区  ,制造业,0
佛山市高明润泰针织厂有限公司,法定代表人：关娜英 注册资本：2200万港元 成立时间：2003-11-26 ,邮箱：yt88865820@126.com电话：0757-88861898 ,地址：佛山市高明区沧江工业园东园西安街道大成路  ,制造业,0
佛山市高明联星电路板有限公司,法定代表人：李树植 注册资本：300万元人民币 成立时间：2003-04-02 ,邮箱：gmlxpcb@163.com电话：0757-88628328 更多号码 ,地址：佛山市高明区沧江工业园  ,制造业,0
佰瑞星通讯技术(北京)有限公司,法定代表人：米格瑞 注册资本：40万美元 成立时间：2006-08-16 ,邮箱：-电话：- ,地址：北京市朝阳区酒仙桥路10号71号楼(B33楼)一层西侧楼梯间及二层  ,信息传输、软件和信息技术服务业,0
佳安仕科技(北京)有限公司,法定代表人：夏永彬 注册资本：200万元人民币 成立时间：2007-01-19 ,邮箱：13693122225@139.com电话：010-62668327 更多号码 ,地址：北京市海淀区农大南路1号院2号楼办公B-219室  ,科学研究和技术服务业,0
依博汽车部件(北京)有限公司,法定代表人：斯达夫(ALFRED STAAF)注册资本：44万欧元 成立时间：2008-06-24 ,邮箱：jiansheng.duan@bauerhin.cn电话：010-60500660 ,地址：北京市通州区中关村科技园金桥科技产业基地景盛南四街13号东区4栋D区  ,制造业,0
俏佳人传媒股份有限公司,法定代表人：李跃 注册资本：5000万人民币元 成立时间：2008-01-24 ,邮箱：122450193@qq.com电话：010-63587672 更多号码 ,地址：北京市丰台区南四环西路188号十区9号楼3层03  ,租赁和商务服务业,0
保利文化集团股份有限公司,法定代表人：蒋迎春 注册资本：24631.6万元人民币 成立时间：2000-02-02 ,邮箱：blwh@polyculture.com.cn电话：010-64082666 ,地址：北京市东城区朝阳门北大街1号20层A区  ,文化、体育和娱乐业,0
保利民爆科技集团股份有限公司,法定代表人：张军 注册资本：5000万人民币元 成立时间：2006-08-11 ,邮箱：blmb@polyhg.com电话：010-88305888 ,地址：北京市东城区朝阳门北大街1号15层A1区  ,科学研究和技术服务业,0
保定四方电力控制设备有限公司,法定代表人：王九刚 注册资本：4500万元人民币 成立时间：2015-03-18 ,邮箱：liuxiaofeng_sy@sf-auto.com电话：0312-6271673 更多号码 ,地址：保定市北三环5999号附属生产检验楼  ,制造业,0
保定四方继保工程技术有限公司,法定代表人：王九刚 注册资本：1500万人民币元 成立时间：2015-01-22 ,邮箱：liuxiaofeng_s@sf-auto.com电话：0312-6271673 更多号码 ,地址：保定市北三环5999号  ,科学研究和技术服务业,0
保网科技股份有限公司,法定代表人：刘涛 注册资本：3000万元人民币 成立时间：2009-02-11 ,邮箱：liutao@bwkj.net.cn电话：010-88018068 更多号码 ,地址：北京市海淀区羊坊店路18号2幢11层1144室  ,科学研究和技术服务业,0
保诺科技(北京)有限公司,法定代表人：邓天敬 注册资本：1800万美元 成立时间：2006-01-06 ,邮箱：bioduroinfo@bioduro.com电话：010-80768000 ,地址：北京市昌平区生命园路29号生命科学创新大厦E座201室  ,科学研究和技术服务业,0
信亦宏达网络存储技术(北京)有限公司,法定代表人：刘奕实 注册资本：5000万元人民币 成立时间：2007-06-14 ,邮箱：sunjingyun@sinynet.com电话：010-62260557 更多号码 ,地址：北京市海淀区北三环西路甲18号院2号楼9层901A室  ,信息传输、软件和信息技术服务业,0
信元公众信息发展有限责任公司,法定代表人：苏小明 注册资本：3000万元人民币 成立时间：1998-06-30 ,邮箱：xuxy@chinatelecom.cn电话：18911375183 更多号码 ,地址：北京市海淀区杏石口路99号3幢  ,信息传输、软件和信息技术服务业,0
信心控股有限公司,法定代表人：付洪岭 注册资本：40000万元人民币 成立时间：2005-11-15 ,邮箱：641099547@qq.com电话：010-82853057 更多号码 ,地址：北京市海淀区西草场一号硅谷电脑城六层  ,租赁和商务服务业,0
信泰电子(西安)有限公司,法定代表人：JO JINHONG注册资本：4000万美元 成立时间：2010-08-10 ,邮箱：lij@simmtech-xian.com电话：029-63351800 更多号码 ,地址：西安市高新区信息大道陕西西安出口加工区B区内  ,信息传输、软件和信息技术服务业,0
信诺非凡(北京)科技有限公司,法定代表人：瞿洪桂 注册资本：3000万人民币元 成立时间：2007-04-03 ,邮箱：lijinjun1091@ichinae.com电话：010-58286000 更多号码 ,地址：北京市海淀区地锦路7号院6号楼2层201房间  ,科学研究和技术服务业,0
元培世纪(北京)教育科技有限公司,法定代表人：蒋小林 注册资本：3467.8万人民币元 成立时间：2008-04-17 ,邮箱：-电话：- ,地址：北京市海淀区育新花园西路1号A8区1-10号  ,信息传输、软件和信息技术服务业,0
先智创科(北京)科技有限公司,法定代表人：许泽玮 注册资本：634.4756万元人民币 成立时间：2011-11-02 ,邮箱：yanyan@91jinrong.com电话：010-52404272 更多号码 ,地址：北京市西城区新街口外大街28号A座303室  ,科学研究和技术服务业,0
先锋信息技术股份有限公司,法定代表人：李劲波 注册资本：5100万元人民币 成立时间：2003-04-18 ,邮箱：446910186@qq.com电话：0791-88111698 更多号码 ,地址：江西省南昌市高新技术产业开发区高新区火炬大街948号  ,信息传输、软件和信息技术服务业,0
光大永明资产管理股份有限公司,法定代表人：李少非 注册资本：50000万元人民币 成立时间：2012-03-02 ,邮箱：gsoffice@slebam.com电话：010-50861600 更多号码 ,地址：北京市石景山区实兴大街30号院8号楼3层307号房间  ,租赁和商务服务业,0
光宝科技(常州)有限公司,法定代表人：宋恭源 注册资本：12400万美元 成立时间：2009-07-24 ,邮箱：dara.zhang@liteon.com电话：0519-83068888 ,地址：武进国家高新技术产业开发区阳湖路88号(武进综合保税区)  ,科学研究和技术服务业,0
光宝联合(北京)科技股份有限公司,法定代表人：汪海滢 注册资本：4162万元人民币 成立时间：2006-01-12 ,邮箱：wuxy@guangbao-uni.com电话：010-84873735 ,地址：北京市海淀区学院路甲5号1幢三层1#厂房西区1-016室  ,科学研究和技术服务业,0
光明方正信息技术(北京)有限公司,法定代表人：陆先高 注册资本：1000万人民币元 成立时间：2012-06-06 ,邮箱：hanqiuyan@gmf-inc.com电话：010-58926352 ,地址：北京市西城区新街口外大街28号A座234号(德胜园区)  ,信息传输、软件和信息技术服务业,0
克莱蒙德高压技术(北京)有限公司,法定代表人：刘海 注册资本：15万美元 成立时间：2007-03-06 ,邮箱：alice.liu@vareximaging.com电话：010-67802708 ,地址：北京市北京经济技术开发区地盛南街甲1号3号楼606  ,科学研究和技术服务业,0
全维智码信息技术(北京)股份有限公司,法定代表人：张涛 注册资本：1033.3355万元人民币 成立时间：2003-04-24 ,邮箱：qwzm@wise-code.com电话：010-64878770 ,地址：北京市朝阳区利泽中园106号楼2层206A号  ,科学研究和技术服务业,0
全美在线(北京)教育科技股份有限公司,法定代表人：马肖风 注册资本：5588万元人民币 成立时间：2006-09-11 ,邮箱：qinglinna@ata.net.cn电话：010-65181122 ,地址：北京市海淀区北太平庄路18号9层A912、A913、A914、A915  ,科学研究和技术服务业,0
公采网络科技有限公司,法定代表人：郑今伟 注册资本：5000万美元 成立时间：2012-05-09 ,邮箱：cppwuhan@china-cpp.com电话：027-81786868 ,地址：武汉市东湖新技术开发区光谷大道77号金融后台服务中心基地建设项目二期B6栋11层01室  ,信息传输、软件和信息技术服务业,0
兰州中林智能科技有限公司,法定代表人：邓伟 注册资本：500万元人民币 成立时间：2004-12-06 ,邮箱：zlkjsoft@136.com电话：0931-8706088 更多号码 ,地址：甘肃省兰州市城关区南面滩268号(创业大厦C区5楼)  ,信息传输、软件和信息技术服务业,0
兰州宏宇变压器有限公司,法定代表人：徐德宝 注册资本：200万人民币元 成立时间：1997-09-03 ,邮箱：-电话：- ,地址：兰州市七里河区滨河中路287号  ,制造业,0
内蒙古金杜科技有限公司,法定代表人：杜建伟 注册资本：1100万人民币元 成立时间：2006-07-31 ,邮箱：49523293@qq.com电话：0472-5101390 ,地址：内蒙古自治区包头稀土高新区校园路14号  ,制造业,0
内蒙古金沃重力设备制造有限公司,法定代表人：郝利芳 注册资本：3000万元人民币 成立时间：2011-06-14 ,邮箱：-电话：15049379287 ,地址：内蒙古自治区包头市稀土高新技术开发区机电园区南绕城公路北西区十一街  ,制造业,0
农银能投(北京)投资基金管理有限公司,法定代表人：朱冰 注册资本：10000万元人民币 成立时间：2013-09-06 ,邮箱：zhangxu@abci.net.cn电话：13810658778 更多号码 ,地址：北京市昌平区科技园区超前路37号院16号楼2层C2099号  ,租赁和商务服务业,0
准能科技(北京)有限公司,法定代表人：克丽斯汀黎瑞注册资本：200万美元 成立时间：2007-02-09 ,邮箱：lsun@forcepoint.com电话：010-58844000 ,地址：北京市海淀区大钟寺东路9号1幢301-305室  ,科学研究和技术服务业,0
凌翔创意软件(北京)有限公司,法定代表人：凯文·辛伯注册资本：250万美元 成立时间：2003-07-25 ,邮箱：jqu@rs.com电话：010-82117618 更多号码 ,地址：北京市海淀区大钟寺东路9号1幢B座四层423、424室  ,信息传输、软件和信息技术服务业,0
凯比(北京)制动系统有限公司,法定代表人：李光远 注册资本：160万美元 成立时间：2004-01-08 ,邮箱：46125175@qq.com电话：13382130819 更多号码 ,地址：北京市密云区工业开发区C区西统路51号  ,制造业,0
创盛信息技术(湖北)有限公司,法定代表人：陈琛 注册资本：750万美元 成立时间：2010-12-01 ,邮箱：172603582@qq.com电话：027-87782558 更多号码 ,地址：武汉东湖新技术开发区佛祖岭一路8号  ,科学研究和技术服务业,0
前线网络信息技术(北京)有限公司,法定代表人：滕懿麟 注册资本：1000万元人民币 成立时间：2004-03-26 ,邮箱：zhang.zan@frontnetworks.com电话：010-65887710 更多号码 ,地址：北京市朝阳区东土城路14号1层0101内01-02房间  ,科学研究和技术服务业,0
力安邦(北京)科技有限公司,法定代表人：宋振强 注册资本：2000万人民币元 成立时间：2005-11-09 ,邮箱：-电话：- ,地址：北京市北京经济技术开发区康定街15号4号  ,科学研究和技术服务业,0
势合能力公关咨询(北京)有限责任公司,法定代表人：肖辉 注册资本：1000万元人民币 成立时间：2008-06-25 ,邮箱：yub@popower.com电话：010-84430388 ,地址：北京市朝阳区酒仙桥北路9号(厂区)10幢首层1105-4单元  ,租赁和商务服务业,0
包头东方希望铝合金有限公司,法定代表人：张轮大 注册资本：3000万人民币元 成立时间：2008-01-08 ,邮箱：zhangxx27@easthope.cn电话：0472-2623907 更多号码 ,地址：内蒙古自治区包头稀土高新区希望工业园区白云路西南绕城公路北  ,制造业,0
包头市华光电子有限责任公司,法定代表人：李双印 注册资本：200万人民币元 成立时间：2008-06-17 ,邮箱：-电话：- ,地址：包头稀土高新区校园南路以南劳动路以西  ,批发和零售业,0
包头市广和表面工程技术有限责任公司,法定代表人：周志刚 注册资本：200万元人民币 成立时间：2006-03-25 ,邮箱：1057904078@qq.com电话：14747353553 更多号码 ,地址：内蒙古自治区包头市稀土高新区留创园A座401室  ,科学研究和技术服务业,0
包头市昊正包装制品有限责任公司,法定代表人：王培忠 注册资本：2000万元人民币 成立时间：2008-06-30 ,邮箱：bthz316@163.com电话：0472-7100501 更多号码 ,地址：内蒙古自治区包头稀土高新区滨河新区景泰路1号美室层双住宅小区2-1302  ,制造业,0
包头市耀丰成功铝业有限公司,法定代表人：李基贤 注册资本：500万人民币元 成立时间：2012-07-04 ,邮箱：2723966039@qq.com电话：0472-6978737 更多号码 ,地址：内蒙古自治区包头稀土高新区希望工业园区成功铝业院内西大门处  ,批发和零售业,0
包头物华特种材料有限公司,法定代表人：马帅 注册资本：1300万元人民币 成立时间：2004-03-18 ,邮箱：-电话：13947236169 更多号码 ,地址：内蒙古自治区包头市稀土高新区校园路南  ,批发和零售业,0
北京STREAMWIDE科技有限公司,法定代表人：毕克林 注册资本：30万美元 成立时间：2007-10-09 ,邮箱：23901218@QQ.COM电话：010-82503886 更多号码 ,地址：北京市海淀区中关村大街甲59号文化大厦1009室  ,科学研究和技术服务业,0
北京一九易站电子商务有限公司,法定代表人：叶军 注册资本：1000万元人民币 成立时间：2009-12-23 ,邮箱：yejun@19e.com.cn电话：010-57386000 更多号码 ,地址：北京市海淀区农大南路88号1号楼二层220室  ,批发和零售业,0
北京一维天地科技有限公司,法定代表人：罗力承 注册资本：1000万元人民币 成立时间：2006-03-09 ,邮箱：shliu@ronglian.com电话：010-62602000 更多号码 ,地址：北京市朝阳区酒仙桥北路甲10号院106号楼1至7层730室  ,科学研究和技术服务业,0
北京一起玩网络科技有限公司,法定代表人：许宗生 注册资本：100万美元 成立时间：2003-08-11 ,邮箱：-电话：- ,地址：北京市海淀区远大路1号6层A079号  ,科学研究和技术服务业,0
北京七星华创集成电路装备有限公司,法定代表人：张国铭 注册资本：2000万元人民币 成立时间：2007-10-17 ,邮箱：xuhongdong@naura.com电话：010-61468613 更多号码 ,地址：北京市顺义区竺园三街6号(天竺综合保税区)  ,制造业,0
北京七星华电科技集团有限责任公司,法定代表人：赵炳弟 注册资本：96814.95万元人民币 成立时间：1999-06-10 ,邮箱：757534628@qq.com电话：010-84568753 更多号码 ,地址：北京市朝阳区酒仙桥东路1号  ,科学研究和技术服务业,0
北京七星宏泰电子设备有限责任公司,法定代表人：张红 注册资本：200万人民币元 成立时间：2006-02-07 ,邮箱：xuhongdong@naura.com电话：010-61468613 更多号码 ,地址：北京市朝阳区酒仙桥东路1号M5厂房  ,制造业,0
北京万云易博达信息技术有限公司,法定代表人：邹建明 注册资本：1000万人民币元 成立时间：2002-07-15 ,邮箱：bjwyebdxz@sina.cn电话：010-68400770 ,地址：北京市海淀区北洼西里55号办公楼二层  ,科学研究和技术服务业,0
北京万博天地网络技术股份有限公司,法定代表人：王向明 注册资本：6430万元人民币 成立时间：1999-06-21 ,邮箱：guojingming@wnt.com.cn电话：010-62771999 更多号码 ,地址：北京市海淀区清华大学华业大厦二区三层  ,科学研究和技术服务业,0
北京万博网迅科技有限公司,法定代表人：崔小利 注册资本：1000万人民币元 成立时间：2000-12-07 ,邮箱：websev@163.com电话：010-51895421 ,地址：北京市海淀区中关村南大街甲18号院1-4号楼14层D座14-14D  ,科学研究和技术服务业,0
北京万古科技股份有限公司,法定代表人：鲍鹏 注册资本：1450万元人民币 成立时间：2000-10-31 ,邮箱：linda.liu@vgtech.com.cn电话：010-50955854 更多号码 ,地址：北京市海淀区建西苑中里1号楼-1层商业B131号  ,科学研究和技术服务业,0
北京万学教育科技有限公司,法定代表人：张锐 注册资本：1053.7408万元人民币 成立时间：2006-08-15 ,邮箱：qyu@wanxue.cn电话：010-62682233 更多号码 ,地址：北京市海淀区北四环西路66号第三极大厦A座17层1701、1702、1703  ,科学研究和技术服务业,0
北京万家天能新能源股份有限公司,法定代表人：解卫 注册资本：3500万元人民币 成立时间：2006-04-07 ,邮箱：sunnan@kunlunsolar.com电话：15810945772 更多号码 ,地址：北京市怀柔区雁栖工业开发区雁栖大街6号  ,制造业,0
北京万康通信网络技术有限公司,法定代表人：崔毓嘉 注册资本：2000万人民币元 成立时间：1999-09-20 ,邮箱：bjwancom@wancom.com.cn电话：010-63156462 ,地址：北京市西城区宣武门外大街28号A1801号  ,科学研究和技术服务业,0
北京万思维通信技术有限公司,法定代表人：蒙惠明 注册资本：5000万元人民币 成立时间：2009-03-13 ,邮箱：office@wellsericenet.com电话：010-82237855 更多号码 ,地址：北京市海淀区花园路2号2号楼506室  ,科学研究和技术服务业,0
北京万户网络技术有限公司,法定代表人：吕宾 注册资本：2470万元人民币 成立时间：2003-08-12 ,邮箱：875205057@qq.com电话：010-82961238-8099 ,地址：北京市海淀区安宁庄西路9号院29号楼907室  ,信息传输、软件和信息技术服务业,0
北京万普世纪科技有限公司,法定代表人：陈昊阳 注册资本：1050万元人民币 成立时间：2005-10-09 ,邮箱：cyx@waps.cn电话：010-64522030 更多号码 ,地址：北京市海淀区中关村东路66号1号楼2层商业4-128  ,科学研究和技术服务业,0
北京万林克网络技术股份有限公司,法定代表人：马东 注册资本：1955万元人民币 成立时间：2003-06-11 ,邮箱：13601330223@139.com电话：010-64869900 ,地址：北京市朝阳区小营北路19号3层306室  ,信息传输、软件和信息技术服务业,0
北京万格迪信息技术有限公司,法定代表人：张大庆 注册资本：100万元人民币 成立时间：2001-08-09 ,邮箱：info@vangand.com电话：010-52880229 更多号码 ,地址：北京市海淀区中关村新科祥园2号楼3层301  ,科学研究和技术服务业,0
北京万泰中联科技股份有限公司,法定代表人：张晓斌 注册资本：2658万元人民币 成立时间：2010-08-13 ,邮箱：bjwantup@163.com电话：010-63705396 更多号码 ,地址：北京市丰台区南四环西路188号十八区20号楼1至11层101内2层201  ,科学研究和技术服务业,0
北京万盛通盈科技有限公司,法定代表人：王艳 注册资本：60万人民币元 成立时间：2000-08-17 ,邮箱：-电话：- ,地址：北京市海淀区中关村大街11号10层1005  ,科学研究和技术服务业,0
北京万维佳和科技有限公司,法定代表人：李炜 注册资本：1000万人民币元 成立时间：2004-07-08 ,邮箱：823412076@qq.com电话：010-62968813 ,地址：北京市海淀区上地三街9号F座3层302室  ,科学研究和技术服务业,0
北京万维信达科技有限公司,法定代表人：徐泽权 注册资本：1000万元人民币 成立时间：2004-07-30 ,邮箱：wanghai@elovo.com.cn电话：010-59412823 ,地址：北京市海淀区苏州街33号1109  ,科学研究和技术服务业,0
北京万维天空科技有限公司,法定代表人：陈宝珍 注册资本：420万元人民币 成立时间：2004-01-30 ,邮箱：-电话：- ,地址：北京市海淀区信息路7号18号楼409A  ,科学研究和技术服务业,0
北京万维美思科技有限责任公司,法定代表人：孙志勇 注册资本：1100万人民币元 成立时间：2004-04-12 ,邮箱：497349361@qq.com电话：010-62669812 ,地址：北京市海淀区上地十街1号院上地辉煌国际中心4号楼1501室  ,科学研究和技术服务业,0
北京万联国通通信技术有限公司,法定代表人：王兆楠 注册资本：1250万元人民币 成立时间：2003-09-08 ,邮箱：13810381653@139.com电话：010-86481018 更多号码 ,地址：北京市朝阳区慧忠北里406号楼1015  ,科学研究和技术服务业,0
北京万讯博通科技发展有限公司,法定代表人：王平 注册资本：1250万人民币元 成立时间：2002-12-27 ,邮箱：wangping@wise-tech.com.cn电话：010-50955700 更多号码 ,地址：北京市海淀区永嘉北路8号A座六层601-603  ,科学研究和技术服务业,0
北京万讯通科技发展有限公司,法定代表人：李婷婷 注册资本：1500万人民币元 成立时间：2002-07-05 ,邮箱：admin@fenc.com.cn电话：010-58208808 ,地址：北京市朝阳区酒仙桥乙21号朝阳佳丽饭店内二层2203房间  ,科学研究和技术服务业,0
北京万邦科仪科贸有限公司,法定代表人：张湧 注册资本：1000万人民币元 成立时间：2000-08-31 ,邮箱：zhangli670903@qq.com电话：010-53006250-808 更多号码 ,地址：北京市石景山区实兴大街30号院3号楼2层A-1829房间  ,科学研究和技术服务业,0
北京三一工程机械有限公司,法定代表人：喻明忠 注册资本：1000万人民币元 成立时间：2008-07-02 ,邮箱：37517100@qq.com电话：010-80770766 更多号码 ,地址：北京市昌平区科技园区华通路11号4B59室  ,批发和零售业,0
北京三友信电子科技有限公司,法定代表人：吴庆明 注册资本：500万人民币元 成立时间：2010-04-29 ,邮箱：www.nfsyx@126.com电话：010-69719842 ,地址：北京市昌平区超前路37号1幢3层4-3-5  ,科学研究和技术服务业,0
北京三友信电子路桥设备有限公司,法定代表人：张葆春 注册资本：15万美元 成立时间：1996-02-09 ,邮箱：-电话：- ,地址：北京市昌平县科技园区超前路5号  ,制造业,0
北京三友汇智生物技术有限公司,法定代表人：陈默 注册资本：500万元人民币 成立时间：2006-12-31 ,邮箱：1010012559@qq.com电话：010-69702734 ,地址：北京市昌平区科技园区超前路5号A座416室  ,科学研究和技术服务业,0
北京三友知识产权代理有限公司,法定代表人：李辉 注册资本：1000万元人民币 成立时间：1996-04-08 ,邮箱：sanyou@sanyouip.com电话：010-88091921 更多号码 ,地址：北京市西城区金融大街35号国际企业大厦16层A座  ,租赁和商务服务业,0
北京三合中兴贸易有限公司,法定代表人：李岩 注册资本：500万人民币元 成立时间：2009-03-16 ,邮箱：360774848@qq.com电话：010-82856848 更多号码 ,地址：北京市海淀区中关村大街27号15层1510-3  ,批发和零售业,0
北京三士龙腾电子技术有限责任公司,法定代表人：刘艳武 注册资本：500万人民币元 成立时间：2003-05-23 ,邮箱：sansch@163.com电话：010-82601069 更多号码 ,地址：北京市海淀区中关村东路18号财智国际大厦A座2001室  ,科学研究和技术服务业,0
北京三多堂传媒股份有限公司,法定代表人：高晓蒙 注册资本：2100万元人民币 成立时间：2007-04-13 ,邮箱：zhaohongyan@sanduotang.com.cn电话：010-62162027 ,地址：北京市海淀区北三环西路48号2号楼19A  ,文化、体育和娱乐业,0
北京三岭基业科技发展有限公司,法定代表人：梁国林 注册资本：500万元人民币 成立时间：2006-02-20 ,邮箱：bjsljy@126.com电话：010-63771258 ,地址：北京市丰台区四环西路一号112室  ,科学研究和技术服务业,0
北京三川智远科技有限公司,法定代表人：刁殿钢 注册资本：1000万元人民币 成立时间：2003-09-18 ,邮箱：yangguangjh@sina.com电话：13521039086 更多号码 ,地址：北京市海淀区罗庄西里碧兴园C座1701  ,科学研究和技术服务业,0
北京三川物流有限公司,法定代表人：彭辉东 注册资本：100万元人民币 成立时间：2009-05-13 ,邮箱：137915@QQ.COM电话：13552676020 更多号码 ,地址：北京市石景山区苹果园南路23号2幢5号  ,交通运输、仓储和邮政业,0
北京三方地基工程有限公司,法定代表人：马成华 注册资本：1800万人民币元 成立时间：1993-04-01 ,邮箱：sanfang999@sina.com电话：010-83682599 ,地址：北京市丰台区科技园星火路10号B座406号  ,建筑业,0
北京三星鹏泰技术咨询有限公司,法定代表人：南龙植(NAM YONGSIK)注册资本：200万美元 成立时间：2000-11-03 ,邮箱：sunghoon.c@cheilpengtai.com电话：010-59030061 更多号码 ,地址：北京市朝阳区工人体育场北路甲2号B栋等3幢裙房515-518单元  ,租赁和商务服务业,0
北京三牛创业电信工程有限公司,法定代表人：张小峰 注册资本：2000万元人民币 成立时间：2007-03-27 ,邮箱：bjsncy@163.com电话：010-52939700 更多号码 ,地址：北京市石景山区八大处高科技园西井路3号3号楼2075室  ,建筑业,0
北京三电迅捷电力工程设计有限公司,法定代表人：张晓君 注册资本：300万人民币元 成立时间：1987-09-04 ,邮箱：13671188582@163.com电话：010-67912566 更多号码 ,地址：北京市丰台区南四环西路188号八区13号楼4层  ,科学研究和技术服务业,0
北京三番嘉业科技发展有限公司,法定代表人：潘坚强 注册资本：50万元人民币 成立时间：2001-01-03 ,邮箱：caiwu_sfjybj@baby178.com电话：010-51185736 更多号码 ,地址：北京市海淀区学清路18号  ,科学研究和技术服务业,0
北京三盾证卡技术有限公司,法定代表人：聂岩 注册资本：95万美元 成立时间：1992-07-15 ,邮箱：3dzk@sina.com电话：010-68428701 更多号码 ,地址：北京市海淀区首都体育馆南路1号  ,制造业,0
北京三箭和众鼎电子有限公司,法定代表人：高瑞三 注册资本：2600万美元 成立时间：2001-01-18 ,邮箱：625212079@qq.com电话：010-67877788 更多号码 ,地址：北京市北京经济技术开发区锦绣街甲16号  ,制造业,0
北京三维天地科技有限公司,法定代表人：金震 注册资本：4000万元人民币 成立时间：1995-07-03 ,邮箱：liml@sunwayworld.com电话：010-82856868 更多号码 ,地址：北京市海淀区彩和坊路11号601  ,科学研究和技术服务业,0
北京三维新动力医疗科技有限公司,法定代表人：梁德利 注册资本：1000万人民币元 成立时间：2007-05-24 ,邮箱：luy@swhr.com.cn电话：010-61779332 更多号码 ,地址：北京市海淀区昌平生命园路23-2号1幢3层A3020室  ,科学研究和技术服务业,0
北京三赢伟业科技有限公司,法定代表人：刘德永 注册资本：3800万元人民币 成立时间：2003-01-24 ,邮箱：administration@foreveross.com电话：010-58700578 更多号码 ,地址：北京市海淀区西小口路66号10幢1层105室  ,科学研究和技术服务业,0
北京三进宇通通信设备有限公司,法定代表人：杜经纬 注册资本：1000万人民币元 成立时间：2000-07-04 ,邮箱：wangwei@gettytime.com电话：010-51652398 ,地址：北京市海淀区清河三街72号23号楼1层1178室  ,批发和零售业,0
北京三迪自动化设备工程有限公司,法定代表人：戴远敏 注册资本：100万人民币元 成立时间：2001-04-20 ,邮箱：liwei@sadetec.com电话：010-62123419 更多号码 ,地址：北京市丰台区丰台镇富丰路2号7层812室(园区)  ,建筑业,0
北京三重镜业有限公司,法定代表人：耿利军 注册资本：5766万人民币元 成立时间：1995-03-03 ,邮箱：bl@bemt.com.cn电话：010-82910839 ,地址：北京市海淀区西三旗建材城西路2号  ,制造业,0
北京三际无限网络科技有限公司,法定代表人：邢文馨 注册资本：850万元人民币 成立时间：2004-06-24 ,邮箱：sanjiwuxian@163.com电话：13121941128 ,地址：北京市昌平区科技园区中兴路10号A218室  ,科学研究和技术服务业,0
北京三鼎光电仪器有限公司,法定代表人：马超 注册资本：12000万元人民币 成立时间：2002-11-08 ,邮箱：348870027@qq.com电话：010-67806820 ,地址：北京市北京经济技术开发区凉水河一街2号院1号楼1-7层  ,制造业,0
北京上行通用信息技术研究所,法定代表人：安佰红 注册资本：300万人民币元 成立时间：1998-10-29 ,邮箱：-电话：- ,地址：北京市海淀区花园路2号北京牡丹电子集团有限责任公司2号楼318室  ,科学研究和技术服务业,0
北京上造影视文化有限公司,法定代表人：金铁木 注册资本：5000万元人民币 成立时间：2010-01-07 ,邮箱：308229853@qq.com电话：010-82251307 ,地址：北京市怀柔区杨宋镇凤翔东大街9号9348室  ,文化、体育和娱乐业,0
北京世佳九生源药业科技有限公司,法定代表人：段重高 注册资本：1000万元人民币 成立时间：2001-08-01 ,邮箱：sunfang@bescholor.com电话：18310620339 更多号码 ,地址：北京市昌平区回龙观镇生命园路20号院7号楼三层315室  ,科学研究和技术服务业,0
北京世元达电子技术有限公司,法定代表人：金雄 注册资本：450万美元 成立时间：2004-08-31 ,邮箱：-电话：- ,地址：北京市北京经济技术开发区永昌南路34号  ,科学研究和技术服务业,0
北京世华国际金融信息有限公司,法定代表人：张斌 注册资本：13000万人民币元 成立时间：1993-10-12 ,邮箱：wangze@300campus.com电话：010-87127023 更多号码 ,地址：北京市北京经济技术开发区地盛西路1号1幢A区2层A1-202室  ,信息传输、软件和信息技术服务业,0
北京世圭谷科技股份有限公司,法定代表人：巩孟龙 注册资本：970万元人民币 成立时间：2007-09-13 ,邮箱：-电话：13910297565 ,地址：北京市海淀区学清路8号科技财富中心B座606室  ,科学研究和技术服务业,0
北京世欣仁达小额贷款股份有限公司,法定代表人：张春奇 注册资本：20000万元人民币 成立时间：2012-06-21 ,邮箱：wangdd@shixinholdings.com电话：010-82660092 更多号码 ,地址：北京市海淀区中关村大街1号15层1500单元  ,金融业,0
北京世熙传媒文化有限公司,法定代表人：刘熙晨 注册资本：430.2778万元人民币 成立时间：2009-03-24 ,邮箱：zhanglihua@3Ccmedia.com.cn电话：010-68061088 ,地址：北京市门头沟区莲石湖西路98号院5号楼2101室  ,文化、体育和娱乐业,0
北京世纪东方科技发展有限公司,法定代表人：王明君 注册资本：300万元人民币 成立时间：2001-09-29 ,邮箱：252756631@qq.com电话：010-58383338 更多号码 ,地址：北京市西城区三里河路6号1号楼1层107-113房间、2层201-213房间  ,信息传输、软件和信息技术服务业,0
北京世纪中彩网络科技有限公司,法定代表人：刘继发 注册资本：5000万元人民币 成立时间：2000-07-12 ,邮箱：22481263@qq.com电话：010-68731234 更多号码 ,地址：北京市海淀区地锦路7号院14号楼五层501(F-141)  ,科学研究和技术服务业,0
北京世纪互联软件开发有限公司,法定代表人：逯玉锁 注册资本：500万元人民币 成立时间：2003-03-18 ,邮箱：wx.ces@163.com电话：010-57910898 更多号码 ,地址：北京市朝阳区酒仙桥北路甲10号院201号楼506-01  ,信息传输、软件和信息技术服务业,0
北京世纪农丰土地科技有限公司,法定代表人：张亚平 注册资本：500万人民币元 成立时间：2005-03-28 ,邮箱：caiwu@bjsjnf.com电话：010-62310979 ,地址：北京市海淀区清华东路17号中国农业大学东校区29号楼C座105  ,科学研究和技术服务业,0
北京世纪创讯信息技术有限责任公司,法定代表人：章理 注册资本：50万元人民币 成立时间：2007-12-05 ,邮箱：764773875@qq.com电话：15811175156 ,地址：北京市石景山区八大处高科技园区西井路3号3号楼1136房间  ,科学研究和技术服务业,0
北京世纪华盛科技发展有限公司,法定代表人：欧朝晖 注册资本：6000万人民币元 成立时间：2010-04-02 ,邮箱：859889@qq.com电话：010-89787575 ,地址：北京市昌平区科技园区超前路9号B座273室  ,科学研究和技术服务业,0
北京世纪同财科技有限公司,法定代表人：王新生 注册资本：500万元人民币 成立时间：2007-08-27 ,邮箱：2388423325@qq.com电话：15911146108 ,地址：北京市海淀区紫竹院路116号嘉豪国际中心C703、C705、C706、C707室  ,科学研究和技术服务业,0
北京世纪图捷电梯系统工程技术有限公司,法定代表人：卢雪莉 注册资本：350.0306万元人民币 成立时间：2000-12-21 ,邮箱：sjtj8202@126.com电话：010-64750879 更多号码 ,地址：北京市海淀区中关村东路18号财智国际大厦A605室  ,科学研究和技术服务业,0
北京世纪图景科技发展有限公司,法定代表人：马名东 注册资本：500万人民币元 成立时间：1998-11-24 ,邮箱：xiongp@cadg.cn电话：010-88848585 更多号码 ,地址：北京市海淀区西三环北路89号三层353室  ,科学研究和技术服务业,0
北京世纪坐标科技股份有限公司,法定代表人：邹学岩 注册资本：600万元人民币 成立时间：2003-07-01 ,邮箱：lujing@cct-group.cn电话：010-58235533 ,地址：北京市海淀区信息路甲28号12层C座12B室  ,科学研究和技术服务业,0
北京世纪奥创石油技术发展有限公司,法定代表人：赵景龙 注册资本：1000万人民币元 成立时间：2001-09-07 ,邮箱：cupc@263.net电话：010-88449102 ,地址：北京市海淀区板井路69号世纪金源国际公寓东区15A  ,科学研究和技术服务业,0
北京世纪宅集成住宅科技有限公司,法定代表人：李卫东 注册资本：1500万元人民币 成立时间：2002-01-21 ,邮箱：zhangna20050618@126.com电话：010-88082402 更多号码 ,地址：北京市海淀区三里河路13号中国建筑文化中心二层展厅  ,科学研究和技术服务业,0
北京世纪实拓科技有限公司,法定代表人：谷闯 注册资本：1000万人民币元 成立时间：2004-03-18 ,邮箱：sjstbj@163.com电话：010-88546348 更多号码 ,地址：北京市海淀区常青园南路通达公司9号院二层西区  ,科学研究和技术服务业,0
北京世纪富玉达电梯有限公司,法定代表人：张建 注册资本：500万元人民币 成立时间：2007-08-27 ,邮箱：zhangjian5558@126.com电话：010-52188190 ,地址：北京市房山区良乡凯旋大街建设路18号-B387  ,批发和零售业,0
北京世纪帝盟科技有限公司,法定代表人：郑亚非 注册资本：100万元人民币 成立时间：2001-08-09 ,邮箱：529743569@qq.com电话：13511052506 ,地址：北京市海淀区中关村东路18号1号楼财智国际大厦A座1101  ,科学研究和技术服务业,0
北京世纪康润医药经营有限责任公司,法定代表人：王丽君 注册资本：6500万人民币元 成立时间：2004-12-03 ,邮箱：434851356@qq.com电话：010-63718512 更多号码 ,地址：北京市朝阳区东三环南路98号1幢3层312、313  ,批发和零售业,0
北京世纪思特技术开发有限公司,法定代表人：赵旭 注册资本：269.07万元人民币 成立时间：2001-05-09 ,邮箱：linbenling@qmg.net电话：010-58816708 更多号码 ,地址：北京市海淀区长春桥路11号1号楼4层405室  ,信息传输、软件和信息技术服务业,0
北京世纪恒丰科技有限责任公司,法定代表人：安佰红 注册资本：100万人民币元 成立时间：2000-09-25 ,邮箱：-电话：- ,地址：北京市海淀区花园路2号北京牡丹电子集团有限责任公司2号楼317室  ,科学研究和技术服务业,0
北京世纪新城科技投资有限公司,法定代表人：韩清岐 注册资本：5000万元人民币 成立时间：2001-05-18 ,邮箱：jade@bjjade.cn电话：010-68940099 ,地址：北京市丰台区大成里秀园13号楼一层1269  ,租赁和商务服务业,0
北京世纪方大机电工程有限公司,法定代表人：张敬东 注册资本：70万人民币元 成立时间：2003-10-22 ,邮箱：zhangwj@21stc.com.cn电话：010-82909966 ,地址：北京市海淀区西三旗路中心环岛东南侧生产科研楼  ,建筑业,0
北京世纪明德教育科技股份有限公司,法定代表人：李岩 注册资本：6202.6994万元人民币 成立时间：2006-11-09 ,邮箱：zhanglijiao@ilizhi.com电话：010-62796781 ,地址：北京市海淀区中关村东路1号院8号楼B座B201A  ,科学研究和技术服务业,0
北京世纪星空影业投资有限公司,法定代表人：刘丹 注册资本：18000万元人民币 成立时间：2000-09-29 ,邮箱：JSWMACN@SINA.COM电话：010-65611155-366 更多号码 ,地址：北京市丰台区南四环西路186号四区1号楼6层10单元(园区)  ,租赁和商务服务业,0
北京世纪晨辉科技有限公司,法定代表人：李芸 注册资本：1010万元人民币 成立时间：2000-02-01 ,邮箱：136032878@qq.com电话：010-82483646 ,地址：北京市海淀区苏州街33号5层501  ,科学研究和技术服务业,0
北京世纪普纳公关顾问有限公司,法定代表人：杨春慧 注册资本：400万人民币元 成立时间：2009-06-24 ,邮箱：2862825812@qq.com电话：010-58657903 ,地址：北京市石景山区八大处高科技园区西井路3号3号楼2662房间  ,租赁和商务服务业,0
北京世纪智源教育科技有限公司,法定代表人：李东 注册资本：200万人民币元 成立时间：2005-05-12 ,邮箱：lixh1000@sohu.com电话：010-62767350 ,地址：北京市海淀区中关村东路18号1号楼C-1206-03  ,科学研究和技术服务业,0
北京世纪汇杰科技有限公司,法定代表人：张志欣 注册资本：1000万元人民币 成立时间：2002-06-20 ,邮箱：elisoft@elisoft.com.cn电话：010-57243775 更多号码 ,地址：北京市海淀区学清路甲18号西小楼一层1101室  ,科学研究和技术服务业,0
北京世纪浩博防腐工程有限公司,法定代表人：黄先浩 注册资本：2166万人民币元 成立时间：2006-06-16 ,邮箱：shijihaobo@126.com电话：010-63753788 ,地址：北京市丰台区汽车博物馆东路6号院4号楼盈坤世纪G座602(园区)  ,建筑业,0
北京世纪竹邦能源技术股份有限公司,法定代表人：冯亚林 注册资本：4000万元人民币 成立时间：2003-01-17 ,邮箱：zubom_wz@163.com电话：010-84475005 ,地址：北京市朝阳区东三环北路霞光里18号1号楼B座12层E单元  ,科学研究和技术服务业,0
北京世纪聚合风电技术有限公司,法定代表人：余维洲 注册资本：1000万美元 成立时间：2006-12-06 ,邮箱：jiangna@cwpgroup.com.hk电话：010-88317803 更多号码 ,地址：北京市海淀区首体南路9号9楼2层209、210、211室  ,科学研究和技术服务业,0
北京世纪远扬科技有限公司,法定代表人：杨梅 注册资本：1000万元人民币 成立时间：2004-05-26 ,邮箱：56937313@qq.com电话：13601377682 更多号码 ,地址：北京市海淀区苏州街29号维亚大厦912-913室  ,科学研究和技术服务业,0
北京世纪锐智科技有限公司,法定代表人：蒋波 注册资本：1000万人民币元 成立时间：2001-01-17 ,邮箱：19896239@qq.com电话：010-68249159 ,地址：北京市海淀区复兴路65号实业大厦1414房间  ,信息传输、软件和信息技术服务业,0
北京世纪骏丰频谱科技有限公司,法定代表人：祖巍巍 注册资本：200万人民币元 成立时间：2002-11-15 ,邮箱：15810493698@139.com电话：010-62106668 更多号码 ,地址：北京市海淀区海淀路甲86号豪景大厦A座12层  ,科学研究和技术服务业,0
北京世纪鼎元科技发展有限公司,法定代表人：张晋勇 注册资本：50万人民币元 成立时间：2003-05-28 ,邮箱：LICHEN@BTTTC.COM电话：010-63310266 ,地址：北京市丰台区科学城星火路10号  ,科学研究和技术服务业,0
北京世纪鼎合科技发展有限公司,法定代表人：袁新天 注册资本：51万人民币元 成立时间：2002-02-07 ,邮箱：-电话：- ,地址：北京市海淀区长春桥路11号3号楼1004  ,科学研究和技术服务业,0
北京世联互动技术开发有限公司,法定代表人：吴景植 注册资本：140万美元 成立时间：2007-03-28 ,邮箱：-电话：- ,地址：北京市海淀区王庄路1号清华同方科技大厦B座1710室  ,信息传输、软件和信息技术服务业,0
北京世联互动网络有限公司,法定代表人：吴景植 注册资本：825万美元 成立时间：2004-10-20 ,邮箱：huangyanfen@navercorp.com电话：010-59646000 更多号码 ,地址：北京市朝阳区广顺北大街33号院1号楼二单元9层1001-1室  ,信息传输、软件和信息技术服务业,0
北京东仁思创科技发展有限公司,法定代表人：裴东昕 注册资本：500万元人民币 成立时间：2001-07-17 ,邮箱：pdx@dongren.com.cn电话：010-82896685 ,地址：北京市海淀区上地信息路2号上地国际科技创业园2号楼三层A户  ,科学研究和技术服务业,0
北京东信网泰通信技术有限公司,法定代表人：罗斌 注册资本：1000万元人民币 成立时间：2005-12-29 ,邮箱：13910872401@139.com电话：010-62194299 更多号码 ,地址：北京市海淀区大钟寺13号院1号楼华杰大厦8B5  ,科学研究和技术服务业,0
北京东光微电子有限责任公司,法定代表人：常青 注册资本：3009.4万人民币元 成立时间：1969-04-09 ,邮箱：DGGS878@163.com电话：010-52460608 ,地址：北京市朝阳区酒仙桥路12号  ,制造业,0
北京东兴联永同昌投资管理有限公司,法定代表人：郑彬 注册资本：6000万元人民币 成立时间：2002-04-22 ,邮箱：bjdxlytctzglyxgs@163.com电话：010-83832716 ,地址：北京市丰台区丰管路16号9号楼  ,租赁和商务服务业,0
北京东升博展投资管理有限公司,法定代表人：王小东 注册资本：4000万元人民币 成立时间：2010-03-16 ,邮箱：anlzhangwei@126.com电话：18601083635 更多号码 ,地址：北京市海淀区西小口路66号D-2号楼二层  ,租赁和商务服务业,0
北京东升博展科技发展有限公司,法定代表人：代庆 注册资本：1000万元人民币 成立时间：2002-06-10 ,邮箱：870276997@qq.com电话：010-62918899-8099 更多号码 ,地址：北京市海淀区西小口路66号中关村东升科技园B区2号楼地下一层103室  ,科学研究和技术服务业,0
北京东华合创科技有限公司,法定代表人：薛向东 注册资本：20000万元人民币 成立时间：2006-10-13 ,邮箱：haoxiaoxue@dhcc.com.cn电话：010-62662281 ,地址：北京市海淀区紫金数码园3号楼11层1102  ,科学研究和技术服务业,0
北京东华诚信电脑科技发展有限公司,法定代表人：郭玉梅 注册资本：3983.5347万元人民币 成立时间：1993-10-09 ,邮箱：xxd@dhcc.com.cn电话：010-62662252 更多号码 ,地址：北京市海淀区知春路128号302室  ,科学研究和技术服务业,0
北京东和盛达科技有限公司,法定代表人：金乃高 注册资本：2000万元人民币 成立时间：2008-04-22 ,邮箱：mynannan999@163.com电话：13910787806 更多号码 ,地址：北京市海淀区中关村南一条2号9层  ,科学研究和技术服务业,0
北京东奥时代教育科技有限公司,法定代表人：邓炜 注册资本：1000万元人民币 成立时间：2008-01-14 ,邮箱：chenlongye@dongao.com电话：010-62175588 ,地址：北京市海淀区中关村南大街甲18号院1-4号楼7层D座07-7D  ,科学研究和技术服务业,0
北京东方万泰技术开发有限公司,法定代表人：孙建国 注册资本：510万人民币元 成立时间：2001-01-04 ,邮箱：1791592204@qq.com电话：010-64421900 ,地址：北京市石景山区八大处高科技园区西井路3号3号楼1148房间  ,科学研究和技术服务业,0
北京东方中原数码科技有限公司,法定代表人：周江洪 注册资本：5000万元人民币 成立时间：2002-04-02 ,邮箱：511210075@qq.com电话：18500838506 更多号码 ,地址：北京市西城区黄寺大街26号院5号楼701  ,科学研究和技术服务业,0
北京东方中石科技有限公司,法定代表人：周建国 注册资本：100万元人民币 成立时间：2003-09-27 ,邮箱：info@eastms.com.cn电话：010-64312006 ,地址：北京市朝阳区酒仙桥路14号兆维工业园50号楼A2区1门二层  ,科学研究和技术服务业,0
北京东方中科集成科技股份有限公司,法定代表人：王戈 注册资本：11334万元人民币 成立时间：2000-08-10 ,邮箱：hejun@oimec.com.cn电话：010-68715566 ,地址：北京市海淀区阜成路67号银都大厦12层  ,科学研究和技术服务业,0
北京东方丽京科技发展有限公司,法定代表人：罗峥 注册资本：1200万人民币元 成立时间：2003-08-19 ,邮箱：dflj2008@vip.sina电话：010-62310772 ,地址：北京市海淀区志新东路5号鸿基世业商务酒店319室  ,科学研究和技术服务业,0
北京东方亚港国际资讯有限公司,法定代表人：杨文良 注册资本：3000万元人民币 成立时间：2001-03-23 ,邮箱：peiyin@e-to-china.com电话：010-64727115 ,地址：北京市朝阳区望京中环南路7号2幢1层  ,租赁和商务服务业,0
北京东方亚邦自控系统工程有限公司,法定代表人：刘峰 注册资本：200万元人民币 成立时间：2006-03-20 ,邮箱：liyanan@bj-yzh.com电话：18888870643 ,地址：北京市西城区新街口外大街28号A座302室(德胜园区)  ,建筑业,0
北京东方京海电子科技有限公司,法定代表人：丁振华 注册资本：2500万人民币元 成立时间：2000-01-17 ,邮箱：dfjh@dongfang-jinghai.com电话：010-82899040 ,地址：北京市海淀区上地东里一区4号楼二层西侧  ,科学研究和技术服务业,0
北京东方仿真控制技术有限公司,法定代表人：夏迎春 注册资本：1000万元人民币 成立时间：1996-03-07 ,邮箱：jacklin-bai@163.com电话：010-64928270 ,地址：北京市东城区方家胡同46号551号  ,科学研究和技术服务业,0
北京东方仿真软件技术有限公司,法定代表人：夏迎春 注册资本：1000万元人民币 成立时间：2004-12-07 ,邮箱：jacklin-bai@163.com电话：010-64928270 ,地址：北京市朝阳区安翔北里11号C座339室  ,科学研究和技术服务业,0
北京东方佳为信息技术有限公司,法定代表人：姚卫苏 注册资本：50万人民币元 成立时间：2003-08-19 ,邮箱：-电话：- ,地址：北京市海淀区上地四街8号楼501室  ,科学研究和技术服务业,0
北京东方佳讯技术有限公司,法定代表人：汤丽 注册资本：1100万元人民币 成立时间：2004-11-17 ,邮箱：vrmedia@263.net电话：010-51281960 ,地址：北京市海淀区北三环西路48号1号楼A座6D  ,科学研究和技术服务业,0
北京东方兴盛不锈钢加工有限公司,法定代表人：赵忠奎 注册资本：1500万元人民币 成立时间：2003-04-08 ,邮箱：xiaozang0710@163.com电话：18911012062 更多号码 ,地址：北京市北京经济技术开发区兴盛街17号  ,制造业,0
北京东方博特水泥技术开发有限公司,法定代表人：王峰 注册资本：300万人民币元 成立时间：2005-08-15 ,邮箱：-电话：- ,地址：北京市北京经济技术开发区景园北街2号42号楼  ,科学研究和技术服务业,0
北京东方同益科技有限公司,法定代表人：徐宁 注册资本：70万元人民币 成立时间：2002-11-29 ,邮箱：chen5xue5xin5@163.com电话：15810801553 更多号码 ,地址：北京市朝阳区酒仙桥路2号  ,科学研究和技术服务业,0
北京东方嘉力信息科技有限公司,法定代表人：龚海清 注册资本：1000万人民币元 成立时间：2002-09-25 ,邮箱：wh29086@163.com电话：010-58772387 ,地址：北京市朝阳区酒仙桥乙21号北京市朝阳区佳丽饭店A31室  ,科学研究和技术服务业,0
北京东方嘉诚文化产业发展有限公司,法定代表人：甄军 注册资本：3000万元人民币 成立时间：2012-04-05 ,邮箱：Sun_jccw@126.com电话：010-53630863 更多号码 ,地址：北京市东城区青龙胡同甲1号、3号2幢1层101  ,文化、体育和娱乐业,0
北京东方因科思科技发展有限公司,法定代表人：刘红波 注册资本：50万元人民币 成立时间：2002-01-30 ,邮箱：1175496642@qq.com电话：13810017745 更多号码 ,地址：北京市丰台区北京科学城恒富中街小区3号院1号楼2单元402号  ,科学研究和技术服务业,0
北京东方坦达科技有限公司,法定代表人：刘淑芳 注册资本：1700万元人民币 成立时间：2004-05-14 ,邮箱：1335791900@qq.com电话：010-68403239 更多号码 ,地址：北京市海淀区西三环北路21号1号楼410室  ,科学研究和技术服务业,0
北京东方基业科技发展股份有限公司,法定代表人：王静波 注册资本：1800万元人民币 成立时间：1997-05-08 ,邮箱：orifound@orifound.com电话：010-88470030 ,地址：北京市海淀区四季青乡曙光花园望山园2号楼16D(住宅)  ,科学研究和技术服务业,0
北京东方天得科技有限公司,法定代表人：周卫东 注册资本：1001万元人民币 成立时间：2003-10-22 ,邮箱：dcl_bjtide@aliyun.com电话：010-62610880 更多号码 ,地址：北京市海淀区昆明湖南路52号1号楼2层1号  ,科学研究和技术服务业,0
北京东方太极自动化工程技术有限公司,法定代表人：肖扬华 注册资本：795万人民币元 成立时间：2005-07-04 ,邮箱：-电话：- ,地址：北京市海淀区北四环中路211号软件楼五层  ,科学研究和技术服务业,0
北京东方威尔科技有限公司,法定代表人：陈琪 注册资本：50万人民币元 成立时间：2003-03-20 ,邮箱：aqichen2649@126.com电话：010-62101818 ,地址：北京市海淀区人大北路33号2号楼1201室  ,科学研究和技术服务业,0
北京东方宇业技术有限公司,法定代表人：邵凯 注册资本：200万人民币元 成立时间：1998-01-13 ,邮箱：-电话：- ,地址：北京市丰台区南四环西路188号1区12号楼(园区)  ,科学研究和技术服务业,0
北京东方广视数字技术有限公司,法定代表人：马冬 注册资本：1000万元人民币 成立时间：2007-04-09 ,邮箱：453602476@QQ.com电话：010-80720351-8086 更多号码 ,地址：北京市昌平区回龙观镇立业路7号1幢3层302室  ,科学研究和技术服务业,0
北京东方文辉信息技术有限公司,法定代表人：韩林平 注册资本：1000万元人民币 成立时间：2003-11-24 ,邮箱：majiangyan@bjdfwh.com.cn电话：010-56380861 ,地址：北京市海淀区西北旺东路10号院东区7号楼1层N108  ,科学研究和技术服务业,0
北京东方新一科技开发有限公司,法定代表人：张广勇 注册资本：7000万元人民币 成立时间：2005-03-15 ,邮箱：wang617517695@sina.com电话：010-84980433 ,地址：北京市北京经济技术开发区荣华中路7号院2号楼21层2111  ,科学研究和技术服务业,0
北京东方新港湾石油技术有限公司,法定代表人：陈恭伟 注册资本：500万人民币元 成立时间：2004-05-26 ,邮箱：office@noh.cn电话：010-62057058 ,地址：北京市海淀区蓟门里和景园1号楼3单元202室  ,科学研究和技术服务业,0
北京东方昌业影视科技有限公司,法定代表人：梁宏毅 注册资本：2100万元人民币 成立时间：2010-06-18 ,邮箱：342502783@qq.com电话：15601091905 更多号码 ,地址：北京市西城区黄寺大街26号院4号楼8层909  ,科学研究和技术服务业,0
北京东方明志广告有限公司,法定代表人：李云霞 注册资本：8000万元人民币 成立时间：1999-11-24 ,邮箱：lilili@ogsm.cn电话：13621128480 更多号码 ,地址：北京市东城区东直门南大街3号国华投资大厦11层1111室  ,租赁和商务服务业,0
北京东方易地景观设计有限公司,法定代表人：李建伟 注册资本：600万元人民币 成立时间：2001-09-28 ,邮箱：1037001275@qq.com电话：010-59389617 更多号码 ,地址：北京市昌平区中关村科技园区昌平园富康路18号511室  ,文化、体育和娱乐业,0
北京东方易景医疗器械有限公司,法定代表人：任骁罡 注册资本：100万人民币元 成立时间：2002-09-09 ,邮箱：rain2007@163.com电话：010-63701517 更多号码 ,地址：北京市丰台区南四环西路188号1区8号楼201室(园区)  ,批发和零售业,0
北京东方晟图信息技术有限公司,法定代表人：孙冰 注册资本：400万人民币元 成立时间：2005-05-26 ,邮箱：qlchen@bj-eastmap.com电话：010-61271907 ,地址：北京市海淀区马连洼北路8号C座7层710室  ,科学研究和技术服务业,0
北京东方晟泽科技发展有限公司,法定代表人：袁晓懿 注册资本：600万元人民币 成立时间：2003-08-05 ,邮箱：yuan625@263.net电话：13910668524 ,地址：北京市海淀区大慧寺8号泰诚商务会馆402室  ,科学研究和技术服务业,0
北京东方木易园林工程有限公司,法定代表人：杨卫东 注册资本：100万元人民币 成立时间：2004-02-12 ,邮箱：2075567401@qq.com电话：13901051559 更多号码 ,地址：北京市西城区阜成门外大街甲271号5125  ,水利、环境和公共设施管理业,0
北京东方清大技术发展有限公司,法定代表人：高宏程 注册资本：208万元人民币 成立时间：1997-09-16 ,邮箱：1286143078@QQ.COM电话：13611003803 更多号码 ,地址：北京市海淀区车道沟1号1号楼5层5-1321  ,科学研究和技术服务业,0
北京东方燕园科技发展有限公司,法定代表人：杨敏 注册资本：500万元人民币 成立时间：2005-01-14 ,邮箱：winseed@126.com电话：010-62750970 ,地址：北京市海淀区颐和园路1号北京资源燕园宾馆1521室  ,科学研究和技术服务业,0
北京东方红海科技发展有限公司,法定代表人：杨占昆 注册资本：1700万元人民币 成立时间：2002-03-13 ,邮箱：adhr@oriental-sea.com电话：010-83833130 更多号码 ,地址：北京市丰台区丰管路16号9号楼3053室  ,科学研究和技术服务业,0
北京东方网景信息科技有限公司,法定代表人：张险峰 注册资本：100万美元 成立时间：1999-12-01 ,邮箱：dfwjxzb@east.net电话：13801170574 更多号码 ,地址：北京市海淀区北四环西路52号702室  ,信息传输、软件和信息技术服务业,0
北京东方联华科技有限公司,法定代表人：韩晓存 注册资本：1000万元人民币 成立时间：1997-08-15 ,邮箱：euc@euc.com.cn电话：010-68001935 ,地址：北京市海淀区首体南路22号国兴大厦(E座)16层B区  ,科学研究和技术服务业,0
北京东方舞台科技有限公司,法定代表人：付雅清 注册资本：1008万元人民币 成立时间：2004-07-27 ,邮箱：48309244@qq.com电话：18610538762 更多号码 ,地址：北京市朝阳区左家庄北里2号楼及平房(一轻局党校)1幢522室  ,科学研究和技术服务业,0
北京东方般若科技发展有限公司,法定代表人：刘英魁 注册资本：5000万元人民币 成立时间：2000-07-20 ,邮箱：lisisi@sinowel.com电话：010-58276999 更多号码 ,地址：北京市朝阳区京顺路5号7号楼1层C107室  ,科学研究和技术服务业,0
北京东方贝尔通信技术有限公司,法定代表人：刘海兵 注册资本：1500万人民币元 成立时间：1998-12-18 ,邮箱：13661269036@139.com电话：010-53091149 更多号码 ,地址：北京市海淀区阜外亮甲店1号恩济西园产业园1号楼1-3、1-4  ,科学研究和技术服务业,0
北京东方资治文化传播中心,法定代表人：王玉冰 注册资本：1000万元人民币 成立时间：2004-08-04 ,邮箱：420698232@qq.com电话：010-51631887 ,地址：北京市昌平区科技园区创新路27号306室  ,文化、体育和娱乐业,0
北京东方金诺科贸有限责任公司,法定代表人：李艳芳 注册资本：1000万元人民币 成立时间：2004-08-31 ,邮箱：290855597@qq.com电话：13601363913 更多号码 ,地址：北京市朝阳区建国门外大街甲24号904  ,科学研究和技术服务业,0
北京东方雍和国际版权交易中心有限公司,法定代表人：殷秩松 注册资本：3750万元人民币 成立时间：2009-04-17 ,邮箱：bjhzdx@126.com电话：010-64097700 ,地址：北京市东城区安定门东大街28号雍和大厦2号楼一、二层  ,租赁和商务服务业,0
北京东方龙马软件发展有限公司,法定代表人：郭华 注册资本：11000万元人民币 成立时间：1998-08-20 ,邮箱：cocowang@olm.com.cn电话：18610122102 更多号码 ,地址：北京市海淀区苏州街1号3层338  ,科学研究和技术服务业,0
北京东昆科技有限公司,法定代表人：李宗梅 注册资本：520万人民币元 成立时间：2003-06-23 ,邮箱：yujuan.zhao@aro.com.cn电话：010-64845122 更多号码 ,地址：北京市朝阳区望京东路8号院2号楼812室  ,科学研究和技术服务业,0
北京东晓国际技术信息咨询有限公司,法定代表人：刘冰 注册资本：15万美元 成立时间：1994-07-13 ,邮箱：lhy@idg-istic.cn电话：010-58882771 ,地址：北京市海淀区复兴路15号816室  ,租赁和商务服务业,0
北京东晨伟业科技有限公司,法定代表人：吴长宇 注册资本：1000万元人民币 成立时间：2003-06-19 ,邮箱：382634760@qq.com电话：17718433363 更多号码 ,地址：北京市海淀区紫竹院公园西北侧中海紫金苑3号楼紫玉阁5层7C  ,科学研究和技术服务业,0
北京东晨联创科技股份有限公司,法定代表人：陈卫东 注册资本：6900万元人民币 成立时间：2001-09-24 ,邮箱：gongld@dcc-bj.com电话：010-62381041 更多号码 ,地址：北京市海淀区学清路8号二层202室  ,科学研究和技术服务业,0
北京东洋汽车部件有限公司,法定代表人：沈相学 注册资本：210万美元 成立时间：2005-09-13 ,邮箱：-电话：- ,地址：北京市中关村科技园区昌平园东区凯创路11号  ,制造业,0
北京东海岸技术开发有限责任公司,法定代表人：郭玉珂 注册资本：500万人民币元 成立时间：1996-12-17 ,邮箱：zwh@ectd.com.cn电话：010-68346648 ,地址：北京市海淀区三里河路1号西苑饭店1号楼5101室  ,科学研究和技术服务业,0
北京东海金润科技有限公司,法定代表人：任懿 注册资本：400万人民币元 成立时间：2006-04-21 ,邮箱：dxh550807@sina.com电话：010-62335095 ,地址：北京市海淀区牡丹园北里甲2号楼二层205室  ,科学研究和技术服务业,0
北京东筑鑫业科贸有限责任公司,法定代表人：刘兆秋 注册资本：1000万元人民币 成立时间：2007-07-12 ,邮箱：WXY67@126.COM电话：13693626722 更多号码 ,地址：北京市石景山区八大处高科技园区西井路3号3号楼7007房间  ,科学研究和技术服务业,0
北京东联世纪科技股份有限公司,法定代表人：高云兴 注册资本：1047万元人民币 成立时间：2003-03-11 ,邮箱：wangz@eastunion.net电话：010-82606616 ,地址：北京市门头沟区石龙经济开发区永安路20号3号楼A-5397室  ,科学研究和技术服务业,0
北京东联网际科技有限公司,法定代表人：张雄 注册资本：300万元人民币 成立时间：2002-01-14 ,邮箱：283883492@qq.com电话：13501288685 更多号码 ,地址：北京市海淀区知春路甲48号3号楼10层1单元11D  ,科学研究和技术服务业,0
北京东英泰思特测试技术有限责任公司,法定代表人：郭全顺 注册资本：100万人民币元 成立时间：1999-12-22 ,邮箱：dytest@dytest.com.cm电话：010-82002275 更多号码 ,地址：北京市海淀区北三环中路31号  ,科学研究和技术服务业,0
北京东软慧聚信息技术股份有限公司,法定代表人：荣新节 注册资本：3450万元人民币 成立时间：2007-05-15 ,邮箱：zhouchch@neusoft.com电话：13910219838 更多号码 ,地址：北京市海淀区东北旺西路8号6号楼北侧105、107室  ,信息传输、软件和信息技术服务业,0
北京东软望海科技有限公司,法定代表人：卢朝霞 注册资本：6291.7431万元人民币 成立时间：2003-05-27 ,邮箱：renwenfeng@viewhigh.com电话：010-66410808 更多号码 ,地址：北京市北京经济技术开发区宏达北路12号B楼二区夹07室  ,科学研究和技术服务业,0
北京东辉佳业科贸有限公司,法定代表人：许子黎 注册资本：1000万元人民币 成立时间：2003-10-27 ,邮箱：dubingkun@egctech.com.cn电话：13051937578 更多号码 ,地址：北京市海淀区大钟寺13号院1号楼3层B319  ,科学研究和技术服务业,0
北京东陶有限公司,法定代表人：柳原隆宏注册资本：1500万美元 成立时间：1994-04-20 ,邮箱：zhao_jun@cn.totobj.com电话：010-82910003 ,地址：北京市海淀区西三旗高新建材工业开发区  ,制造业,0
北京东青互联科技有限公司,法定代表人：牛东 注册资本：5000万元人民币 成立时间：2008-02-25 ,邮箱：504247937@qq.com电话：010-83670248 更多号码 ,地址：北京市丰台区科学城星火路10号2号楼309室(园区)  ,科学研究和技术服务业,0
北京东靛厂纸张有限公司,法定代表人：陈志民 注册资本：970万人民币元 成立时间：1999-06-30 ,邮箱：dczk7321@163.com电话：010-52653166 更多号码 ,地址：北京市石景山区八大处高科技园区西井路3号3号楼2096房间  ,批发和零售业,0
北京东风南方汽车销售服务有限公司,法定代表人：李军 注册资本：3000万人民币元 成立时间：2000-04-29 ,邮箱：beijingdongfengnafangsanhe@dfl.com.cn电话：010-53792718 ,地址：北京市北京经济技术开发区北环东路乙15号  ,批发和零售业,0
北京中亚互联科技发展有限公司,法定代表人：张国平 注册资本：1000万人民币元 成立时间：2006-03-23 ,邮箱：luochao@zhyhl.com电话：010-66422018 ,地址：北京市海淀区杏石口路30号B座一层117号  ,科学研究和技术服务业,0
北京中亚时代能源技术有限公司,法定代表人：王典路 注册资本：4000万人民币元 成立时间：1999-04-29 ,邮箱：g_p@petrotime.com电话：010-58320088 ,地址：北京市昌平区科技园区火炬街10号2幢2303C室  ,科学研究和技术服务业,0
北京中交京华公路工程技术有限公司,法定代表人：姚为民 注册资本：600万人民币元 成立时间：2001-07-19 ,邮箱：24763124@qq.com电话：010-67698778 ,地址：北京市海淀区云会里金雅园过街楼五层5848室  ,科学研究和技术服务业,0
北京中交公路桥梁工程监理有限公司,法定代表人：屠义伟 注册资本：600万人民币元 成立时间：1998-11-03 ,邮箱：zjjl010@163.com电话：010-82017226 ,地址：北京市东城区东四前炒面胡同33号  ,科学研究和技术服务业,0
北京中交华泰公路技术有限公司,法定代表人：王虎生 注册资本：10万人民币元 成立时间：2005-03-28 ,邮箱：luochen71@aliyun.com电话：010-67666890 ,地址：北京市海淀区西土城路8号8号楼3门601室  ,科学研究和技术服务业,0
北京中交华联科技发展有限公司,法定代表人：孟召阳 注册资本：500万元人民币 成立时间：2011-05-12 ,邮箱：781918016@qq.com电话：010-64875722 ,地址：北京市朝阳区大屯路科学园南里风林绿洲I乙1503号  ,科学研究和技术服务业,0
北京中交协物流研究院,法定代表人：王德荣 注册资本：100万人民币元 成立时间：2001-06-01 ,邮箱：wdrccta@126.com电话：010-68512873 ,地址：北京市丰台区西四环南路76号D01室(园区)  ,科学研究和技术服务业,0
北京中交紫光科技有限公司,法定代表人：陈韬 注册资本：300万元人民币 成立时间：2006-05-15 ,邮箱：huangwenling@pdiwt.com.cn电话：010-84199870 更多号码 ,地址：北京市海淀区中关村东路1号院2号楼420B室  ,科学研究和技术服务业,0
北京中交跨世纪工程技术有限公司,法定代表人：张志伟 注册资本：500万元人民币 成立时间：2002-05-10 ,邮箱：1178467262@qq.com电话：13301271132 更多号码 ,地址：北京市房山区天星街1号院16号楼9层910室  ,科学研究和技术服务业,0
北京中京惠建筑设计有限责任公司,法定代表人：齐春森 注册资本：300万人民币元 成立时间：1996-04-02 ,邮箱：zjh_co@163.com电话：010-51293233 ,地址：北京市门头沟区石龙经济开发区永安路20号3号楼A-3516室  ,科学研究和技术服务业,0
北京中人光华教育科技有限公司,法定代表人：陈松 注册资本：500万元人民币 成立时间：2005-09-16 ,邮箱：zoushanglin@chinanet.gov.cn电话：010-64829688 ,地址：北京市东城区和平里东街11号7号1-A10号  ,科学研究和技术服务业,0
北京中体健身投资管理有限公司,法定代表人：刘猛 注册资本：3600万元人民币 成立时间：2003-02-23 ,邮箱：lixin@csi-fitness.cn电话：010-67149462 更多号码 ,地址：北京市东城区天坛东里50号一层  ,租赁和商务服务业,0
北京中佳荣盛科技有限公司,法定代表人：叶子荣 注册资本：1010万元人民币 成立时间：2006-07-12 ,邮箱：285592831@qq.com电话：18518381618 更多号码 ,地址：北京市海淀区知春路113号1号楼0506  ,科学研究和技术服务业,0
北京中保绿农科技集团有限公司,法定代表人：邱德文 注册资本：3000万元人民币 成立时间：2003-04-24 ,邮箱：zongjingban@zhongbaony.com电话：010-62895463 更多号码 ,地址：北京市海淀区圆明园西路2号院内标本馆楼101-105房  ,科学研究和技术服务业,0
北京中元环试机电设备技术有限公司,法定代表人：张越 注册资本：2000万人民币元 成立时间：2001-09-04 ,邮箱：pan@cmi-com.com电话：010-69386490-812 更多号码 ,地址：北京市丰台区丰台路口139号主楼624室(园区)  ,科学研究和技术服务业,0
北京中公教育科技股份有限公司,法定代表人：王振东 注册资本：9000万元人民币 成立时间：2010-02-04 ,邮箱：info@offcn.com电话：010-60957777 更多号码 ,地址：北京市海淀区学清路38号B座9层911室  ,科学研究和技术服务业,0
北京中关创业科技发展有限公司,法定代表人：杨桂荣 注册资本：500万元人民币 成立时间：2001-08-30 ,邮箱：280181628@qq.com电话：010-82663556 更多号码 ,地址：北京市海淀区中关村大街1号1幢1层南侧  ,科学研究和技术服务业,0
北京中关村丰台园道丰科技商务园建设发展有限公司,法定代表人：许为平 注册资本：855万美元 成立时间：2003-03-06 ,邮箱：tangweiying@abp.cn电话：010-63701818 ,地址：北京市丰台区南四环西路188号三区4号楼  ,房地产业,0
北京中关村国际商城发展有限公司,法定代表人：杨良军 注册资本：27000万元人民币 成立时间：2001-12-12 ,邮箱：834357180@qq.com电话：13261111009 更多号码 ,地址：北京市昌平区北清路1号院1号楼  ,批发和零售业,0
北京中关村国际孵化器有限公司,法定代表人：杨楠 注册资本：12220万元人民币 成立时间：2000-12-26 ,邮箱：fjy1726@139.com电话：010-82893008 更多号码 ,地址：北京市海淀区上地信息路2号  ,科学研究和技术服务业,0
北京中关村永丰产业基地发展有限公司,法定代表人：袁世剑 注册资本：30000万人民币元 成立时间：2001-04-28 ,邮箱：yongfengjidi@163.com电话：010-58711019 ,地址：北京市海淀区永丰产业基地永捷北路3号  ,房地产业,0
北京中关村海外科技园有限责任公司,法定代表人：戴康勤 注册资本：1250万元人民币 成立时间：2003-01-15 ,邮箱：wangmingxia@zosp.cc电话：010-82870498 ,地址：北京市海淀区天秀路10号中国农大国际创业园1号楼601、603、612  ,租赁和商务服务业,0
北京中关村生命科学园发展有限责任公司,法定代表人：韩柏 注册资本：45000万元人民币 成立时间：2000-08-18 ,邮箱：gswang1966@126.com电话：010-89738900 更多号码 ,地址：北京市昌平区生命园路20号院6号楼  ,房地产业,0
北京中关村电子城建设有限公司,法定代表人：张维 注册资本：121000万元人民币 成立时间：2002-04-23 ,邮箱：61957065@qq.com电话：010-64391841 ,地址：北京市朝阳区望京东路6号5幢E楼2层210房间  ,建筑业,0
北京中关村科技发展(控股)股份有限公司,法定代表人：侯占军 注册资本：75312.6982万元人民币 成立时间：1999-06-08 ,邮箱：-电话：- ,地址：北京市海淀区中关村南大街32号  ,租赁和商务服务业,0
北京中关村科技融资担保有限公司,法定代表人：段宏伟 注册资本：170300万元人民币 成立时间：1999-12-16 ,邮箱：zgckjrzdb@126.com电话：010-59705600 ,地址：北京市海淀区中关村南大街12号天作国际中心1号楼A座30层  ,租赁和商务服务业,0
北京中关村软件园孵化服务有限公司,法定代表人：杨楠 注册资本：5300万元人民币 成立时间：2001-11-28 ,邮箱：zhouran2011@sina.com电话：010-82825186 ,地址：北京市海淀区东北旺中关村软件园孵化器1号楼  ,科学研究和技术服务业,0
北京中兴创诚科技有限公司,法定代表人：苏诚 注册资本：100万元人民币 成立时间：2006-03-23 ,邮箱：904455699@qq.com电话：010-82605590-108 更多号码 ,地址：北京市海淀区丹棱街18号1号楼6层603、604  ,科学研究和技术服务业,0
北京中兴华人科技发展有限责任公司,法定代表人：张以臣 注册资本：100万元人民币 成立时间：2012-07-10 ,邮箱：673720689@qq.com电话：13391630060 ,地址：北京市海淀区中关村大街18号14层1622  ,科学研究和技术服务业,0
北京中兴协力科技有限公司,法定代表人：屈德乾 注册资本：500万人民币元 成立时间：2004-09-06 ,邮箱：yao.dongwei@zte.com电话：010-62110919 更多号码 ,地址：北京市海淀区上园村3号交大科技大厦13层1304-1室  ,科学研究和技术服务业,0
北京中兴通节能环保技术有限公司,法定代表人：刘世芳 注册资本：5000万元人民币 成立时间：2002-04-12 ,邮箱：zhaolianchao@chinazxt.com电话：010-59738002 更多号码 ,地址：北京市海淀区西北旺东路10号院东区15号楼中兴通大厦A座403  ,科学研究和技术服务业,0
北京中冀乐业汽车销售有限公司,法定代表人：陈刚 注册资本：1700万元人民币 成立时间：2004-02-13 ,邮箱：15510400557@163.com电话：15510400557 更多号码 ,地址：北京市北京经济技术开发区荣华南路16号1幢C309  ,批发和零售业,0
北京中农信达电子商务股份有限公司,法定代表人：张丹丹 注册资本：2000万元人民币 成立时间：2006-09-07 ,邮箱：yuxiaodan@b2cf.cn电话：010-62198995 更多号码 ,地址：北京市海淀区中关村南大街甲12号1幢九层902单元  ,批发和零售业,0
北京中农华瑞农业科技有限公司,法定代表人：杜雪峰 注册资本：10000万元人民币 成立时间：2006-03-17 ,邮箱：15801466798@163.com电话：18911679218 ,地址：北京市海淀区中关村南大街5号2区683号楼理工科技大厦609室  ,科学研究和技术服务业,0
北京中农大地科技发展有限公司,法定代表人：张永生 注册资本：3849.42万元人民币 成立时间：1993-08-19 ,邮箱：zndd10@163.com电话：010-62736328 更多号码 ,地址：北京市海淀区学清路甲38号金码大酒店11层1107室  ,科学研究和技术服务业,0
北京中农德馨生化技术有限公司,法定代表人：马林 注册资本：369万人民币元 成立时间：2002-07-11 ,邮箱：lybwxg1975@sina.com电话：010-82721123 更多号码 ,地址：北京市海淀区花园路4号2层202A室  ,科学研究和技术服务业,0
北京中冶联科技有限公司,法定代表人：马千里 注册资本：1000万元人民币 成立时间：2002-08-22 ,邮箱：zyl@zyl.com.cn电话：010-82488700 更多号码 ,地址：北京市海淀区中关村大街11号10层1006  ,科学研究和技术服务业,0
北京中创动力环境科技有限公司,法定代表人：刘兴中 注册资本：1500万元人民币 成立时间：2005-04-12 ,邮箱：370733626@qq.com电话：13717694786 ,地址：北京市海淀区清河西三旗转盘东路3号沁春家园13号楼5单元401室  ,科学研究和技术服务业,0
北京中创碳投科技有限公司,法定代表人：唐人虎 注册资本：3529.412万元人民币 成立时间：2010-07-27 ,邮箱：zhaodong@sino-carbon.cn电话：010-84186654 更多号码 ,地址：北京市东城区青龙胡同1号歌华大厦922单元  ,科学研究和技术服务业,0
北京中创立方软件有限公司,法定代表人：许勇 注册资本：3000万元人民币 成立时间：2006-11-09 ,邮箱：xuyong@i3bms.com电话：010-68008232 更多号码 ,地址：北京市海淀区创业中路36号五层502室  ,信息传输、软件和信息技术服务业,0
北京中创音悦创意文化有限公司,法定代表人：刘新见 注册资本：100万元人民币 成立时间：2008-01-09 ,邮箱：liu223405@163.com电话：010-67857263 ,地址：北京市东城区鼓楼东大街206号A座2011至2018房间  ,文化、体育和娱乐业,0
北京中加诚信管道技术有限公司,法定代表人：王本龙 注册资本：1000万元人民币 成立时间：2002-12-18 ,邮箱：ketr@ketr.com.cn电话：010-82809807 更多号码 ,地址：北京市海淀区马甸东路17号13层1616  ,科学研究和技术服务业,0
北京中加集成智能系统工程有限公司,法定代表人：阎利宏 注册资本：2000万元人民币 成立时间：1994-04-25 ,邮箱：776199079@qq.com电话：010-68037906 更多号码 ,地址：北京市西城区南礼士路66号1号楼418室  ,制造业,0
北京中半辉煌光电高科技有限责任公司,法定代表人：王申 注册资本：1000万人民币元 成立时间：2004-08-03 ,邮箱：huihuanghr@huihuangsj.com电话：010-62695125 更多号码 ,地址：北京市海淀区中关村西区辉煌时代大厦427号  ,科学研究和技术服务业,0
北京中博世达专利商标代理有限公司,法定代表人：申健 注册资本：100万人民币元 成立时间：2004-08-16 ,邮箱：zbsd@zhongbo-ip.com电话：010-62123380 ,地址：北京市海淀区交大东路31号11号楼8层  ,租赁和商务服务业,0
北京中原领先科技有限公司,法定代表人：刘天华 注册资本：200万人民币元 成立时间：2004-06-21 ,邮箱：gls@sinozhongyuan.com电话：010-84415678 ,地址：北京市朝阳区东方东路甲11号2号楼2层201  ,科学研究和技术服务业,0
北京中和大成科技发展有限公司,法定代表人：仲向英 注册资本：557万元人民币 成立时间：1998-04-21 ,邮箱：yxp090021@163.com电话：13146905167 更多号码 ,地址：北京市石景山区八大处高科技园区西井路3号3号楼1318房间  ,科学研究和技术服务业,0
北京中和正科技有限公司,法定代表人：王绍文 注册资本：50万元人民币 成立时间：2007-12-18 ,邮箱：leesa9@126.com电话：010-66751384 更多号码 ,地址：北京市昌平区科技园区中兴路10号A201室  ,科学研究和技术服务业,0
北京中咨华宇环保技术有限公司,法定代表人：孟宪明 注册资本：29000万元人民币 成立时间：2005-02-18 ,邮箱：lixue@huafangroup.com电话：010-87162828 ,地址：北京市北京经济技术开发区地盛南街9号院1幢101-206  ,科学研究和技术服务业,0
北京中咨华路达工程技术有限公司,法定代表人：贾国杰 注册资本：2000万元人民币 成立时间：1999-11-30 ,邮箱：zhangyongchun321@163.com电话：010-82926888-809 ,地址：北京市海淀区建材城中路1号甲1号楼  ,科学研究和技术服务业,0
北京中咨工程设计研究院有限公司,法定代表人：张新来 注册资本：200万人民币元 成立时间：2001-01-18 ,邮箱：25935211@qq.com电话：010-57050666 更多号码 ,地址：北京市丰台区西四环南路76号A04室(园区)  ,科学研究和技术服务业,0
北京中城工程监理有限责任公司,法定代表人：廖立华 注册资本：300万元人民币 成立时间：1996-09-05 ,邮箱：534794289@QQ.COM电话：010-80111109 更多号码 ,地址：北京市昌平区科技园区中兴路10号A217-1室  ,科学研究和技术服务业,0
北京中外名人国际广告传媒有限公司,法定代表人：陈建平 注册资本：300万人民币元 成立时间：2008-12-26 ,邮箱：442379500@qq.com电话：010-82025197 更多号码 ,地址：北京市东城区后永康胡同17号393A室  ,租赁和商务服务业,0
北京中大业恒科技有限公司,法定代表人：高琦 注册资本：1006万人民币元 成立时间：2002-03-15 ,邮箱：360989527@qq.com电话：010-62321523 更多号码 ,地址：北京市海淀区中关村东路18号财智大厦B907  ,科学研究和技术服务业,0
北京中天华瑞科技发展有限公司,法定代表人：李惠 注册资本：3000万人民币元 成立时间：2001-11-12 ,邮箱：shrongzcb@163.com电话：010-63951896 更多号码 ,地址：北京市昌平区科技园区白浮泉路13号二层2233室  ,科学研究和技术服务业,0
北京中天博地科技有限公司,法定代表人：齐文章 注册资本：500万人民币元 成立时间：2006-07-10 ,邮箱：liujing@ztland.com电话：010-64867279 ,地址：北京市朝阳区安翔北里甲11号院1号楼15层  ,科学研究和技术服务业,0
北京中天嘉华信息技术有限公司,法定代表人：刘英魁 注册资本：5000万元人民币 成立时间：2010-08-12 ,邮箱：lisisi@sinowel.com电话：010-58276999 更多号码 ,地址：北京市石景山区八大处高科技园区内6-C号地3号楼4层405  ,信息传输、软件和信息技术服务业,0
北京中天嘉华财富管理咨询有限公司,法定代表人：尚亚平 注册资本：1000万元人民币 成立时间：2012-06-21 ,邮箱：lisisi@sinowel.com电话：010-58276999 更多号码 ,地址：北京市石景山区实兴大街7号2幢1层113室  ,租赁和商务服务业,0
北京中天嘉华通信技术有限公司,法定代表人：刘英魁 注册资本：2635.2115万元人民币 成立时间：2006-04-24 ,邮箱：lisisi@sinowel.com电话：010-58276999 更多号码 ,地址：北京市石景山区八大处高科技园区西井路3号3号楼9593房间  ,科学研究和技术服务业,0
北京中天土地科技发展研究中心,法定代表人：齐文章 注册资本：50万元人民币 成立时间：2001-08-06 ,邮箱：liujing@ztland.com电话：010-64867279 更多号码 ,地址：北京市海淀区北太平路16号1号楼501室  ,科学研究和技术服务业,0
北京中天瑞达科技发展有限公司,法定代表人：郑武军 注册资本：6000万元人民币 成立时间：2000-08-21 ,邮箱：liujunfang@acmerider.com电话：010-62527701 ,地址：北京市海淀区知春路118号C座501室  ,科学研究和技术服务业,0
北京中天科源矿业技术有限公司,法定代表人：蒲长晏 注册资本：1000万人民币元 成立时间：2003-10-31 ,邮箱：675945563@qq.com电话：010-62670531 ,地址：北京市海淀区中关村东路66号世纪科贸大厦1号楼802  ,科学研究和技术服务业,0
北京中天讯科科技有限公司,法定代表人：张西波 注册资本：1000万元人民币 成立时间：2001-12-27 ,邮箱：yplqlzy@163.com电话：010-62627709 更多号码 ,地址：北京市海淀区苏州街20号院2号楼2层北侧  ,科学研究和技术服务业,0
北京中奥通宇科贸有限公司,法定代表人：刘向锋 注册资本：5550万元人民币 成立时间：2006-10-18 ,邮箱：zhanghx@chinalltrade.com电话：010-67881245 更多号码 ,地址：北京市北京经济技术开发区荣华中路10号1幢B座601室  ,科学研究和技术服务业,0
北京中威信通科技有限公司,法定代表人：汪艳君 注册资本：500万元人民币 成立时间：2002-11-19 ,邮箱：zhongweixintong@163.com电话：010-62028172 ,地址：北京市西城区车公庄大街9号院5号楼701B(德胜园区)  ,科学研究和技术服务业,0
北京中宁建科技有限公司,法定代表人：石磊 注册资本：3020万元人民币 成立时间：2009-03-06 ,邮箱：2802961780@qq.com电话：15501136692 更多号码 ,地址：北京市东城区和平里东街11号102号楼三层北侧  ,科学研究和技术服务业,0
北京中宇万通科技股份有限公司,法定代表人：宁宇鹏 注册资本：3500万元人民币 成立时间：2005-01-06 ,邮箱：ningyp@zhyu.com.cn电话：010-64489499 更多号码 ,地址：北京市海淀区西土城路1号院7号楼9层918  ,科学研究和技术服务业,0
北京中安信通科技有限公司,法定代表人：肖惠益 注册资本：50万人民币元 成立时间：2005-04-11 ,邮箱：xiaohuiyi@tom.com电话：010-68715087 ,地址：北京市海淀区北洼路30号B座307号  ,科学研究和技术服务业,0
北京中安消科技服务有限公司,法定代表人：巩宪国 注册资本：300万人民币元 成立时间：2001-07-02 ,邮箱：yaozu.li@zhonganxiao.com电话：010-82861238 更多号码 ,地址：北京市海淀区西直门北大街52、54、56(南栋0101)号7层0101-705  ,科学研究和技术服务业,0
北京中安电子集团,法定代表人：何绍武 注册资本：5000万人民币元 成立时间：1989-07-21 ,邮箱：zhongan_yj@126.com电话：010-88511363 ,地址：北京市海淀区东王庄小区33号综合楼6层  ,科学研究和技术服务业,0
北京中安超越通信科技有限公司,法定代表人：潘立群 注册资本：1000万人民币元 成立时间：2001-04-26 ,邮箱：xingzheng@china-zhongan.com电话：010-64478965 更多号码 ,地址：北京市昌平区科技园区中兴路10号A322室  ,科学研究和技术服务业,0
北京中实联展科技有限公司,法定代表人：张定金 注册资本：50万人民币元 成立时间：2002-03-05 ,邮箱：chenbh@ccgc.com.cn电话：010-68138950 更多号码 ,地址：北京市海淀区甘家口街道建设部大院南配楼407房间  ,科学研究和技术服务业,0
北京中富恒信科技有限公司,法定代表人：张春生 注册资本：200万人民币元 成立时间：2003-07-04 ,邮箱：scoregs@163.com电话：010-82429108 ,地址：北京市昌平区科技园区白浮泉路10号2号楼北控科技大厦1206B室  ,科学研究和技术服务业,0
北京中山伟业投资有限公司,法定代表人：李丹柯 注册资本：2000万元人民币 成立时间：2001-03-14 ,邮箱：xiaowen-zswy@163.com电话：13651330215 更多号码 ,地址：北京市石景山区八大处高科技园区实兴东街1号6023室  ,租赁和商务服务业,0
北京中工国机技术有限公司,法定代表人：苗秀梅 注册资本：360万元人民币 成立时间：2007-12-24 ,邮箱：mmp@mmpchina.com电话：010-68885440 更多号码 ,地址：北京市石景山区阜石路166号1幢10层1004房间  ,科学研究和技术服务业,0
北京中工贝克减振降噪技术有限责任公司,法定代表人：杨晓燕 注册资本：100万人民币元 成立时间：2005-04-14 ,邮箱：zgbk@vip.163.com电话：010-88110430 ,地址：北京市海淀区莲花池西路16号1号楼4层B458室  ,科学研究和技术服务业,0
北京中广时代通讯设备有限公司,法定代表人：何永权 注册资本：500万人民币元 成立时间：2003-05-13 ,邮箱：ping_s@126.com电话：010-85072056 ,地址：北京市北京经济技术开发区荣华南路16号1幢A座2201-9  ,批发和零售业,0
北京中广瑞波科技股份有限公司,法定代表人：邵强华 注册资本：4029万元人民币 成立时间：2000-06-29 ,邮箱：1500280630@qq.com电话：010-52129010 ,地址：北京市海淀区西直门北大街甲43号1号楼7层1-21-706至1-21-709号  ,科学研究和技术服务业,0
北京中建九鼎建筑工程有限公司,法定代表人：张宇 注册资本：2999万人民币元 成立时间：2002-04-12 ,邮箱：158787137@qq.com电话：010-56358685 更多号码 ,地址：北京市丰台区科学城海鹰路9号  ,建筑业,0
北京中建嘉业建筑工程有限公司,法定代表人：孙志东 注册资本：2000万元人民币 成立时间：2002-01-09 ,邮箱：zjjiaye@sohu.com电话：13671283447 更多号码 ,地址：北京市平谷区平谷镇府前西街2号(外贸公司院内)  ,建筑业,0
北京中录国际文化传播有限公司,法定代表人：陈林 注册资本：1000万元人民币 成立时间：2004-10-22 ,邮箱：service@sino-media.com.cn电话：010-58613312 ,地址：北京市昌平区科技园区超前路5号4幢516室  ,文化、体育和娱乐业,0
北京中影博圣影视科技有限公司,法定代表人：杨洪涛 注册资本：500万元人民币 成立时间：2000-05-26 ,邮箱：382402891@qq.com电话：010-82114659 ,地址：北京市海淀区科学院南路44号  ,科学研究和技术服务业,0
北京中德福林软件科技有限公司,法定代表人：李怀金 注册资本：500万元人民币 成立时间：2006-03-03 ,邮箱：78445731@qq.com电话：13381059298 更多号码 ,地址：北京市海淀区上地信息产业基地北区5号地上地辉煌国际中心12层E座1204  ,信息传输、软件和信息技术服务业,0
北京中恒兴业科技集团有限公司,法定代表人：秦亚良 注册资本：5000万元人民币 成立时间：2003-06-13 ,邮箱：bjzhlq@126.com电话：010-82782822 ,地址：北京市海淀区信息路22号上地科技综合楼B座八层8008室  ,科学研究和技术服务业,0
北京中恒创业信息技术有限公司,法定代表人：张雷 注册资本：1500万元人民币 成立时间：2001-09-06 ,邮箱：18806880@163.com电话：13681072227 更多号码 ,地址：北京市海淀区上地十街1号院4号楼14层1402  ,科学研究和技术服务业,0
北京中恒利华石油技术研究所,法定代表人：毕建国 注册资本：3000万元人民币 成立时间：2004-02-20 ,邮箱：3950362635@qq.com电话：13810998790 更多号码 ,地址：北京市海淀区五道口东升园华清嘉园16幢13层1607号  ,科学研究和技术服务业,0
北京中恒驿站数码信息技术有限公司,法定代表人：郭艳泽 注册资本：3000万人民币元 成立时间：2002-07-12 ,邮箱：xiangfu.li@bjapple.cpm电话：010-62967207 更多号码 ,地址：北京市海淀区上地信息路7号2层18-2-2008号  ,科学研究和技术服务业,0
北京中意明安科技有限责任公司,法定代表人：严炎 注册资本：5000万元人民币 成立时间：2005-12-30 ,邮箱：13601078307@139.com电话：13651215121 更多号码 ,地址：北京市海淀区上地七街1号院3号楼2层202室  ,科学研究和技术服务业,10
北京中技天昊工程技术有限公司,法定代表人：许杰峰 注册资本：300万人民币元 成立时间：2004-09-02 ,邮箱：49244125@qq.com电话：010-64517238 更多号码 ,地址：北京市昌平区科技园区中兴路10号A207  ,科学研究和技术服务业,0
北京中招阳光信息技术有限公司,法定代表人：钱晓钧 注册资本：500万人民币元 成立时间：2003-05-15 ,邮箱：0705@sohu.com电话：010-68704664 更多号码 ,地址：北京市海淀区上地信息路1号1号楼702室  ,科学研究和技术服务业,0
北京中控新地科技有限公司,法定代表人：李宸 注册资本：580万元人民币 成立时间：2003-05-23 ,邮箱：apple46@sina.com电话：010-80742247 更多号码 ,地址：北京市海淀区紫竹院路广源闸5号5层5116  ,科学研究和技术服务业,0
北京中敏测控系统有限公司,法定代表人：郭宏伟 注册资本：4000万元人民币 成立时间：2003-07-01 ,邮箱：zhongmin49@126.com电话：010-59016118 更多号码 ,地址：北京市通州区光机电一体化产业基地政府路10号  ,制造业,0
北京中教美育科技有限公司,法定代表人：田丽 注册资本：3500万元人民币 成立时间：2006-04-14 ,邮箱：zjmy@bjzjmy.com电话：010-88454878 更多号码 ,地址：北京市海淀区瀚河园155号楼1层101  ,科学研究和技术服务业,0
北京中文嘉视演艺文化有限公司,法定代表人：郑琦 注册资本：500万人民币元 成立时间：2000-12-21 ,邮箱：1056773784@qq.com电话：010-65511491 ,地址：北京市东城区后永康胡同17号1-833A  ,文化、体育和娱乐业,0
北京中文在线文化传媒有限公司,法定代表人：童之磊 注册资本：5100万元人民币 成立时间：2009-07-31 ,邮箱：het@chineseall.com电话：010-51667567 更多号码 ,地址：北京市东城区东总布胡同58号天润财富中心13层1302单元  ,文化、体育和娱乐业,0
北京中新世纪科技发展有限公司,法定代表人：郑羽 注册资本：20万美元 成立时间：2003-04-04 ,邮箱：wuhonglai@csoftech.com电话：13911897614 更多号码 ,地址：北京市朝阳区望京科技创业园利泽中园106号楼401A室  ,科学研究和技术服务业,0
北京中新联科技股份有限公司,法定代表人：王九丁 注册资本：7658.3143万元人民币 成立时间：1997-09-25 ,邮箱：64919924@qq.com电话：010-88792902 更多号码 ,地址：北京市海淀区翠微路2号印刷研究所办公、生产、生活区5号楼X223房间  ,科学研究和技术服务业,8
北京中新陆海能源科技有限公司,法定代表人：刘俊 注册资本：110万元人民币 成立时间：2003-01-22 ,邮箱：TFQ81@163.COM电话：13671372607 更多号码 ,地址：北京市海淀区长春桥路5号2号楼1808室  ,科学研究和技术服务业,0
北京中日联节能环保工程技术有限公司,法定代表人：李长兴 注册资本：750万人民币元 成立时间：2003-09-26 ,邮箱：wang.xue@bjceee.net.cn电话：010-88680646 ,地址：北京市石景山区石景山路20号13层  ,科学研究和技术服务业,14
北京中昊能投科技有限公司,法定代表人：樊林 注册资本：1000万人民币元 成立时间：2001-02-26 ,邮箱：273667862@qq.com电话：010-64820591 更多号码 ,地址：北京市海淀区阜成路14号3号办公楼2层213号  ,科学研究和技术服务业,0
北京中易网际科技发展有限公司,法定代表人：李杉 注册资本：100万元人民币 成立时间：2007-02-06 ,邮箱：chfxx123@163.com电话：010-82783520 更多号码 ,地址：北京市海淀区温泉镇杨家庄村南(原北京市海淀温泉服装厂厂区)A区二层2009  ,科学研究和技术服务业,0
北京中星博远信息技术有限公司,法定代表人：刘健 注册资本：2000万人民币元 成立时间：2009-08-10 ,邮箱：wangbing@vsat.com.cn电话：010-82349595 ,地址：北京市海淀区农大南路1号院(硅谷亮城)5号楼601  ,信息传输、软件和信息技术服务业,0
北京中智信达教育科技有限公司,法定代表人：王建敏 注册资本：50万元人民币 成立时间：2003-08-05 ,邮箱：2337875702@qq.com电话：010-60609761 更多号码 ,地址：北京市海淀区中关村东路1号院3号楼4层409  ,科学研究和技术服务业,0
北京中机华辰汽车销售有限公司,法定代表人：刘建章 注册资本：290万元人民币 成立时间：2000-08-28 ,邮箱：1299089249@qq.com电话：13910556225 ,地址：北京市北京经济技术开发区荣京东街3号1幢21层1单元1922  ,批发和零售业,0
北京中机宏业科技发展有限公司,法定代表人：钟江华 注册资本：50万元人民币 成立时间：2003-04-02 ,邮箱：zhaotongnian@263.net电话：010-68531081 更多号码 ,地址：北京市海淀区中关村南一条乙3号科研综合楼6层东南  ,科学研究和技术服务业,0
北京中杉金桥生物技术有限公司,法定代表人：刘晓凤 注册资本：1000万人民币元 成立时间：2001-03-20 ,邮箱：renxinxiang@zsbio.com电话：010-63472531 ,地址：北京市昌平区科技园区火炬街21号401-11室  ,科学研究和技术服务业,0
北京中材泛德科技有限公司,法定代表人：崔德强 注册资本：1000万人民币元 成立时间：2005-07-04 ,邮箱：2880262739@qq.com电话：010-82088607 更多号码 ,地址：北京市西城区新街口外大街8号10幢421号(德胜园区)  ,科学研究和技术服务业,0
北京中核北研科技发展股份有限公司,法定代表人：张飞凤 注册资本：2040万人民币元 成立时间：2000-05-30 ,邮箱：335920007@qq.com电话：010-64962518 更多号码 ,地址：北京市昌平区科技园区超前路9号288号  ,科学研究和技术服务业,0
北京中核四达工程设计咨询有限公司,法定代表人：商武 注册资本：500万元人民币 成立时间：2004-05-21 ,邮箱：cyh961749@163.com电话：010-51917988 更多号码 ,地址：北京市海淀区北蜂窝8号中雅大厦A座4层A1、B1、C1、D1室  ,租赁和商务服务业,0
北京中欧日盛国际商务顾问有限责任公司,法定代表人：智宏 注册资本：200万人民币元 成立时间：2000-03-16 ,邮箱：office@eurochinacentre.com电话：010-88354187 更多号码 ,地址：北京市海淀区首体南路20号国兴家园4号楼402室  ,租赁和商务服务业,0
北京中水新华国际工程咨询有限公司,法定代表人：李彦坡 注册资本：500万元人民币 成立时间：2003-10-15 ,邮箱：shaokx726@qq.com电话：13810169726 更多号码 ,地址：北京市海淀区复兴路甲1号中二区7幢2层  ,科学研究和技术服务业,0
北京中水科工程总公司,法定代表人：张金接 注册资本：6000万元人民币 成立时间：1992-09-03 ,邮箱：fuye@iwhr.com电话：010-68786218 ,地址：北京市海淀区车公庄西路20号  ,科学研究和技术服务业,109
北京中汇天苑科技有限公司,法定代表人：许文海 注册资本：1000万元人民币 成立时间：2005-04-14 ,邮箱：szz@legendit.com电话：010-62962562 ,地址：北京市海淀区高里掌路1号院11号楼二单元101  ,科学研究和技术服务业,0
北京中汉威工程咨询有限公司,法定代表人：李洲鹏 注册资本：300万人民币元 成立时间：2003-08-22 ,邮箱：chn.hw@163.com电话：010-84972428 ,地址：北京市海淀区双清路3号3227室  ,科学研究和技术服务业,0
北京中油联合信息技术有限公司,法定代表人：刘朝全 注册资本：3000万人民币元 成立时间：2000-11-23 ,邮箱：cui_yi@cnpc.com.cn电话：010-62065072 更多号码 ,地址：北京市朝阳区酒仙桥乙21号佳丽饭店406室  ,信息传输、软件和信息技术服务业,0
北京中油龙硕信息技术有限公司,法定代表人：张涛 注册资本：4800万元人民币 成立时间：2001-06-13 ,邮箱：1402118143@qq.com电话：010-82951339 ,地址：北京市海淀区悦秀路99号二单元701室  ,科学研究和技术服务业,0
北京中法派尔特医疗设备有限公司,法定代表人：                                -注册资本：- 成立时间：- ,邮箱：-电话：- ,地址：-  ,-,272
北京中泰天盟化工产品有限公司,法定代表人：王欣峰 注册资本：200万人民币元 成立时间：2000-11-27 ,邮箱：chen.jieen@163.com电话：010-51570070 ,地址：北京市平谷区滨河工业区零号区22号  ,批发和零售业,0
北京中泰天盟科技发展有限公司,法定代表人：缪志煊 注册资本：200万人民币元 成立时间：2004-10-14 ,邮箱：chen.jieen@163.com电话：010-51570070 ,地址：北京市北京经济技术开发区西环南路18号A座525号  ,科学研究和技术服务业,0
北京中泰恒信电力技术有限公司,法定代表人：杨朝辉 注册资本：1000万元人民币 成立时间：2009-08-24 ,邮箱：wangyx87088@163.com电话：13301108107 ,地址：北京市石景山区八大处高科技园区西井路3号3号楼2975房间  ,科学研究和技术服务业,5
北京中泽北邮通信技术股份有限公司,法定代表人：薛川 注册资本：2500万人民币元 成立时间：1998-06-17 ,邮箱：512531065@qq.com电话：010-85788683 更多号码 ,地址：北京市海淀区中关村东路18号1号楼C511  ,科学研究和技术服务业,0
北京中海友成科技发展有限责任公司,法定代表人：樊晓峰 注册资本：500万元人民币 成立时间：2004-11-19 ,邮箱：108957399@QQ.com电话：010-85736327 ,地址：北京市朝阳区望京利泽中园二区208号1号楼1317室  ,科学研究和技术服务业,0
北京中海弘翔科技有限公司,法定代表人：谢瑞敏 注册资本：1200万元人民币 成立时间：2008-03-24 ,邮箱：bjzhhhx@sina.com电话：010-83890252-806 ,地址：北京市丰台区南四环西路128号院2号楼2007室(园区)  ,科学研究和技术服务业,0
北京中海昊华水务有限公司,法定代表人：罗永泉 注册资本：10000万元人民币 成立时间：2005-03-03 ,邮箱：chenq@chinaxjlh.com电话：010-58892981 更多号码 ,地址：北京市海淀区主语家园11楼-1至3层101  ,电力、热力、燃气及水生产和供应业,0
北京中海汇通科技有限公司,法定代表人：张大伟 注册资本：1000万元人民币 成立时间：2006-03-02 ,邮箱：ljx@will-tch.com.cn电话：010-62976969 更多号码 ,地址：北京市海淀区上地三街9号(金隅嘉华大厦)B座501室  ,科学研究和技术服务业,0
北京中海纪元网络教育科技有限公司,法定代表人：尧川 注册资本：500万元人民币 成立时间：2009-12-04 ,邮箱：646184579@qq.com电话：010-68944228 更多号码 ,地址：北京市海淀区中关村南大街5号1区689号楼503室  ,科学研究和技术服务业,0
北京中海讯通数码科技有限公司,法定代表人：周海军 注册资本：1500万元人民币 成立时间：2001-06-09 ,邮箱：348390133@qq.com电话：010-64801335 ,地址：北京市平谷区滨河工业区零号区22号  ,信息传输、软件和信息技术服务业,0
北京中海通科技有限公司,法定代表人：孙纯洁 注册资本：3000万元人民币 成立时间：1998-09-22 ,邮箱：hgtjcw@126.com电话：010-87167451 更多号码 ,地址：北京市北京经济技术开发区经海六路5号院10号楼4层403  ,科学研究和技术服务业,0
北京中润互联信息技术有限公司,法定代表人：胡明 注册资本：1715万人民币元 成立时间：2003-12-29 ,邮箱：zhongrun@9xiu.com电话：010-64368854 更多号码 ,地址：北京市海淀区知春路51号慎昌大厦4层408号  ,科学研究和技术服务业,0
北京中清研信息技术研究院有限公司,法定代表人：张志千 注册资本：600万元人民币 成立时间：2003-07-08 ,邮箱：13683113095@139.com电话：010-82112881 更多号码 ,地址：北京市海淀区上地三街九号F座3层301  ,科学研究和技术服务业,0
北京中煤华辰信息科技发展有限公司,法定代表人：武越 注册资本：3000万元人民币 成立时间：2000-06-22 ,邮箱：GZ551@ALIYUN.COM电话：010-64390790 更多号码 ,地址：北京市海淀区大钟寺13号华杰大厦6B19A  ,科学研究和技术服务业,0
北京中燃翔科油气技术有限公司,法定代表人：史本训 注册资本：2000万人民币元 成立时间：2002-06-25 ,邮箱：384bjxk@chinagashodings.com电话：010-63517300-828 更多号码 ,地址：北京市北京经济技术开发区荣华中路7号A塔1314室  ,科学研究和技术服务业,0
北京中版联印刷物资有限公司,法定代表人：兰本立 注册资本：2000万人民币元 成立时间：2004-03-28 ,邮箱：19980309yangli@163.com电话：010-58110804 ,地址：北京市西城区新兴东巷15号1328室(德胜园区)  ,批发和零售业,0
北京中物储国际物流科技有限公司,法定代表人：邵宝利 注册资本：1800万元人民币 成立时间：1999-08-25 ,邮箱：fangqian303@163.com电话：010-83673223 更多号码 ,地址：北京市丰台区南四环西路188号六区18号楼8层(园区)  ,科学研究和技术服务业,0
北京中献智泉信息技术有限公司,法定代表人：张宇 注册资本：100万元人民币 成立时间：2000-12-14 ,邮箱：10701951@qq.com电话：13401168532 更多号码 ,地址：北京市海淀区马甸南村一号7幢201号  ,科学研究和技术服务业,0
北京中环世纪工程设计有限责任公司,法定代表人：董兆力 注册资本：20000万元人民币 成立时间：2002-10-09 ,邮箱：zhonghuan01@163.com电话：010-88400819 ,地址：北京市石景山区实兴大街30号院3号楼2层D-0978室  ,科学研究和技术服务业,0
北京中环绿舟科贸发展有限责任公司,法定代表人：严鹤鸣 注册资本：1576万人民币元 成立时间：2002-06-18 ,邮箱：bgv@cnsa.com.cn电话：010-68391826 更多号码 ,地址：北京市昌平区科技园区超前路37号院6号楼2层C1008号  ,科学研究和技术服务业,0
北京中电信达通讯科技有限公司,法定代表人：刘海冰 注册资本：2000万元人民币 成立时间：2002-08-05 ,邮箱：zdxd@zdxd.com电话：010-52413308 更多号码 ,地址：北京市丰台区马家堡东路71号立业大厦V62房间  ,科学研究和技术服务业,0
北京中电凯尔设施管理有限公司,法定代表人：万铜良 注册资本：1000万人民币元 成立时间：2010-04-07 ,邮箱：ning.li@cefoc.cn电话：010-57503873 ,地址：北京市丰台区南四环西路188号三区23号楼6层(园区)  ,房地产业,0
北京中电加成控制系统有限公司,法定代表人：吕晟 注册资本：1500万人民币元 成立时间：2003-04-14 ,邮箱：gengyufang@sina.com电话：010-80702869 更多号码 ,地址：北京市海淀区上地十街1号院4号楼9层906  ,科学研究和技术服务业,0
北京中电华创电力设备有限公司,法定代表人：王友明 注册资本：2000万元人民币 成立时间：2011-11-14 ,邮箱：342890076@qq.com电话：010-52980088 ,地址：北京市西城区莲花池东路106号2单元1501  ,批发和零售业,0
北京中电同业科技发展有限公司,法定代表人：田鹂冰 注册资本：5000万人民币元 成立时间：2000-12-25 ,邮箱：1085449577@qq.com电话：010-58815808 更多号码 ,地址：北京市海淀区长春桥路11号3号楼7层706  ,科学研究和技术服务业,0
北京中电恒基能源技术有限公司,法定代表人：黄坚 注册资本：3238万元人民币 成立时间：2002-12-13 ,邮箱：huych@163.com电话：010-63918954 更多号码 ,地址：北京市海淀区西三环北路91号F22室  ,科学研究和技术服务业,0
北京中电方大科技股份有限公司,法定代表人：邓岳辉 注册资本：1374.5万元人民币 成立时间：2004-11-02 ,邮箱：chenqian@levcn.com.cn电话：010-62963926 更多号码 ,地址：北京市海淀区上地信息路12号1幢3层E区E301室  ,科学研究和技术服务业,0
北京中电昊海科技有限公司,法定代表人：王灏 注册资本：3050万元人民币 成立时间：2005-12-20 ,邮箱：dinggd@bjcehh.com电话：010-62155959 更多号码 ,地址：北京市海淀区高梁桥斜街59号院1号楼1009室  ,科学研究和技术服务业,0
北京中电浩威科技有限公司,法定代表人：刘俊刚 注册资本：1000万元人民币 成立时间：2013-09-04 ,邮箱：chengliang166@126.com电话：13301183100 更多号码 ,地址：北京市昌平区科技园区超前路37号院16号楼2层C2005  ,科学研究和技术服务业,0
北京中电科信息技术有限公司,法定代表人：刘爱民 注册资本：145.75万元人民币 成立时间：1993-09-28 ,邮箱：1969600463@qq.com电话：13811380602 ,地址：北京市海淀区卧虎桥甲6号  ,信息传输、软件和信息技术服务业,0
北京中电金蜂科技有限公司,法定代表人：代立波 注册资本：2010万人民币元 成立时间：2003-08-04 ,邮箱：lijing2015@hotmail.com电话：010-82382941 ,地址：北京市昌平区科技园区白浮泉路10号2号楼北控科技大厦203  ,科学研究和技术服务业,0
北京中电高科技电视发展有限公司,法定代表人：杜浩 注册资本：7000万元人民币 成立时间：1992-11-01 ,邮箱：office@cctvht.cn电话：010-63973868 ,地址：北京市海淀区莲花苑5号楼14层  ,文化、体育和娱乐业,0
北京中百信信息技术股份有限公司,法定代表人：刘庆波 注册资本：3612.5万元人民币 成立时间：2002-11-19 ,邮箱：qshi@zbxsoft.com电话：010-82358855 更多号码 ,地址：北京市海淀区知春路23号409室  ,科学研究和技术服务业,0
北京中盈泰石油工程技术有限公司,法定代表人：杨淏名 注册资本：600万元人民币 成立时间：2004-01-05 ,邮箱：412368892@qq.com电话：010-82356136 ,地址：北京市海淀区知春路锦秋知春花园8号楼1层102号房  ,科学研究和技术服务业,0
北京中石天马科技有限公司,法定代表人：段果花 注册资本：1000万人民币元 成立时间：2003-04-21 ,邮箱：zstm@163.com电话：010-62395455 ,地址：北京市海淀区学院路20号院内石迎招待所9室  ,科学研究和技术服务业,0
北京中矿业恒科技有限公司,法定代表人：赵红星 注册资本：2000万人民币元 成立时间：2006-06-05 ,邮箱：zkyh2008@163.con电话：010-51734891 ,地址：北京市海淀区清华东路16号3号楼中关村能源与安全科技园1202-2室  ,科学研究和技术服务业,0
北京中矿基业安全防范技术有限公司,法定代表人：凌虹 注册资本：510万元人民币 成立时间：2006-09-06 ,邮箱：13521845931@126.com电话：13966393832 更多号码 ,地址：北京市朝阳区左家庄前街1号1号楼B区2层203室  ,科学研究和技术服务业,0
北京中矿联拓科技发展有限公司,法定代表人：钟永宏 注册资本：50万人民币元 成立时间：2002-05-16 ,邮箱：-电话：- ,地址：北京市朝阳区望京利泽中园105号楼3层350B号  ,科学研究和技术服务业,0
北京中矿自动化科技有限公司,法定代表人：孙浩 注册资本：300万元人民币 成立时间：2005-06-20 ,邮箱：zhangyinyin@zhongkuang.com.cn电话：18910965803 更多号码 ,地址：北京市海淀区彩和坊路10号中关村瀚海国际大厦7层708号  ,科学研究和技术服务业,0
北京中科三方网络技术有限公司,法定代表人：奉旭辉 注册资本：600万元人民币 成立时间：2000-08-17 ,邮箱：gongsiqi@sfn.cn电话：010-83026191 更多号码 ,地址：北京市海淀区中关村南四街4号1号楼313室  ,信息传输、软件和信息技术服务业,0
北京中科三森科技有限公司,法定代表人：马玲 注册资本：500万元人民币 成立时间：2007-09-20 ,邮箱：2896735604@qq.com电话：13659531780 更多号码 ,地址：北京市海淀区永泰东里怡清园2号楼-1层2单元802B  ,科学研究和技术服务业,0
北京中科世通技术服务有限公司,法定代表人：陈炎 注册资本：2000万元人民币 成立时间：2006-09-12 ,邮箱：wei.zhang@sino-service.com电话：010-82038866 更多号码 ,地址：北京市海淀区花园东路10号高德大厦A区六层611号  ,科学研究和技术服务业,0
北京中科互联优势数据有限公司,法定代表人：冯玉麟 注册资本：3010万人民币元 成立时间：2000-06-13 ,邮箱：18910809791@163.com电话：010-65281822 ,地址：北京市东城区王府井大街138号新东安办公楼2座822室  ,信息传输、软件和信息技术服务业,0
北京中科合力科技发展有限责任公司,法定代表人：钱刚 注册资本：2000万元人民币 成立时间：2001-04-14 ,邮箱：zhangqiang@unionst.cn电话：010-82837946 ,地址：北京市朝阳区秀水街1号12号楼5层051号  ,科学研究和技术服务业,0
